Date,Year,Quarter,Month,MonthName,YearMonth,YearMonthKey,Day,IsWeekend
2023-01-01,2023,1,1,Jan,2023-01,202301,1,True
2023-01-02,2023,1,1,Jan,2023-01,202301,2,False
2023-01-03,2023,1,1,Jan,2023-01,202301,3,False
2023-01-04,2023,1,1,Jan,2023-01,202301,4,False
2023-01-05,2023,1,1,Jan,2023-01,202301,5,False
2023-01-06,2023,1,1,Jan,2023-01,202301,6,False
2023-01-07,2023,1,1,Jan,2023-01,202301,7,True
2023-01-08,2023,1,1,Jan,2023-01,202301,8,True
2023-01-09,2023,1,1,Jan,2023-01,202301,9,False
2023-01-10,2023,1,1,Jan,2023-01,202301,10,False
2023-01-11,2023,1,1,Jan,2023-01,202301,11,False
2023-01-12,2023,1,1,Jan,2023-01,202301,12,False
2023-01-13,2023,1,1,Jan,2023-01,202301,13,False
2023-01-14,2023,1,1,Jan,2023-01,202301,14,True
2023-01-15,2023,1,1,Jan,2023-01,202301,15,True
2023-01-16,2023,1,1,Jan,2023-01,202301,16,False
2023-01-17,2023,1,1,Jan,2023-01,202301,17,False
2023-01-18,2023,1,1,Jan,2023-01,202301,18,False
2023-01-19,2023,1,1,Jan,2023-01,202301,19,False
2023-01-20,2023,1,1,Jan,2023-01,202301,20,False
2023-01-21,2023,1,1,Jan,2023-01,202301,21,True
2023-01-22,2023,1,1,Jan,2023-01,202301,22,True
2023-01-23,2023,1,1,Jan,2023-01,202301,23,False
2023-01-24,2023,1,1,Jan,2023-01,202301,24,False
2023-01-25,2023,1,1,Jan,2023-01,202301,25,False
2023-01-26,2023,1,1,Jan,2023-01,202301,26,False
2023-01-27,2023,1,1,Jan,2023-01,202301,27,False
2023-01-28,2023,1,1,Jan,2023-01,202301,28,True
2023-01-29,2023,1,1,Jan,2023-01,202301,29,True
2023-01-30,2023,1,1,Jan,2023-01,202301,30,False
2023-01-31,2023,1,1,Jan,2023-01,202301,31,False
2023-02-01,2023,1,2,Feb,2023-02,202302,1,False
2023-02-02,2023,1,2,Feb,2023-02,202302,2,False
2023-02-03,2023,1,2,Feb,2023-02,202302,3,False
2023-02-04,2023,1,2,Feb,2023-02,202302,4,True
2023-02-05,2023,1,2,Feb,2023-02,202302,5,True
2023-02-06,2023,1,2,Feb,2023-02,202302,6,False
2023-02-07,2023,1,2,Feb,2023-02,202302,7,False
2023-02-08,2023,1,2,Feb,2023-02,202302,8,False
2023-02-09,2023,1,2,Feb,2023-02,202302,9,False
2023-02-10,2023,1,2,Feb,2023-02,202302,10,False
2023-02-11,2023,1,2,Feb,2023-02,202302,11,True
2023-02-12,2023,1,2,Feb,2023-02,202302,12,True
2023-02-13,2023,1,2,Feb,2023-02,202302,13,False
2023-02-14,2023,1,2,Feb,2023-02,202302,14,False
2023-02-15,2023,1,2,Feb,2023-02,202302,15,False
2023-02-16,2023,1,2,Feb,2023-02,202302,16,False
2023-02-17,2023,1,2,Feb,2023-02,202302,17,False
2023-02-18,2023,1,2,Feb,2023-02,202302,18,True
2023-02-19,2023,1,2,Feb,2023-02,202302,19,True
2023-02-20,2023,1,2,Feb,2023-02,202302,20,False
2023-02-21,2023,1,2,Feb,2023-02,202302,21,False
2023-02-22,2023,1,2,Feb,2023-02,202302,22,False
2023-02-23,2023,1,2,Feb,2023-02,202302,23,False
2023-02-24,2023,1,2,Feb,2023-02,202302,24,False
2023-02-25,2023,1,2,Feb,2023-02,202302,25,True
2023-02-26,2023,1,2,Feb,2023-02,202302,26,True
2023-02-27,2023,1,2,Feb,2023-02,202302,27,False
2023-02-28,2023,1,2,Feb,2023-02,202302,28,False
2023-03-01,2023,1,3,Mar,2023-03,202303,1,False
2023-03-02,2023,1,3,Mar,2023-03,202303,2,False
2023-03-03,2023,1,3,Mar,2023-03,202303,3,False
2023-03-04,2023,1,3,Mar,2023-03,202303,4,True
2023-03-05,2023,1,3,Mar,2023-03,202303,5,True
2023-03-06,2023,1,3,Mar,2023-03,202303,6,False
2023-03-07,2023,1,3,Mar,2023-03,202303,7,False
2023-03-08,2023,1,3,Mar,2023-03,202303,8,False
2023-03-09,2023,1,3,Mar,2023-03,202303,9,False
2023-03-10,2023,1,3,Mar,2023-03,202303,10,False
2023-03-11,2023,1,3,Mar,2023-03,202303,11,True
2023-03-12,2023,1,3,Mar,2023-03,202303,12,True
2023-03-13,2023,1,3,Mar,2023-03,202303,13,False
2023-03-14,2023,1,3,Mar,2023-03,202303,14,False
2023-03-15,2023,1,3,Mar,2023-03,202303,15,False
2023-03-16,2023,1,3,Mar,2023-03,202303,16,False
2023-03-17,2023,1,3,Mar,2023-03,202303,17,False
2023-03-18,2023,1,3,Mar,2023-03,202303,18,True
2023-03-19,2023,1,3,Mar,2023-03,202303,19,True
2023-03-20,2023,1,3,Mar,2023-03,202303,20,False
2023-03-21,2023,1,3,Mar,2023-03,202303,21,False
2023-03-22,2023,1,3,Mar,2023-03,202303,22,False
2023-03-23,2023,1,3,Mar,2023-03,202303,23,False
2023-03-24,2023,1,3,Mar,2023-03,202303,24,False
2023-03-25,2023,1,3,Mar,2023-03,202303,25,True
2023-03-26,2023,1,3,Mar,2023-03,202303,26,True
2023-03-27,2023,1,3,Mar,2023-03,202303,27,False
2023-03-28,2023,1,3,Mar,2023-03,202303,28,False
2023-03-29,2023,1,3,Mar,2023-03,202303,29,False
2023-03-30,2023,1,3,Mar,2023-03,202303,30,False
2023-03-31,2023,1,3,Mar,2023-03,202303,31,False
2023-04-01,2023,2,4,Apr,2023-04,202304,1,True
2023-04-02,2023,2,4,Apr,2023-04,202304,2,True
2023-04-03,2023,2,4,Apr,2023-04,202304,3,False
2023-04-04,2023,2,4,Apr,2023-04,202304,4,False
2023-04-05,2023,2,4,Apr,2023-04,202304,5,False
2023-04-06,2023,2,4,Apr,2023-04,202304,6,False
2023-04-07,2023,2,4,Apr,2023-04,202304,7,False
2023-04-08,2023,2,4,Apr,2023-04,202304,8,True
2023-04-09,2023,2,4,Apr,2023-04,202304,9,True
2023-04-10,2023,2,4,Apr,2023-04,202304,10,False
2023-04-11,2023,2,4,Apr,2023-04,202304,11,False
2023-04-12,2023,2,4,Apr,2023-04,202304,12,False
2023-04-13,2023,2,4,Apr,2023-04,202304,13,False
2023-04-14,2023,2,4,Apr,2023-04,202304,14,False
2023-04-15,2023,2,4,Apr,2023-04,202304,15,True
2023-04-16,2023,2,4,Apr,2023-04,202304,16,True
2023-04-17,2023,2,4,Apr,2023-04,202304,17,False
2023-04-18,2023,2,4,Apr,2023-04,202304,18,False
2023-04-19,2023,2,4,Apr,2023-04,202304,19,False
2023-04-20,2023,2,4,Apr,2023-04,202304,20,False
2023-04-21,2023,2,4,Apr,2023-04,202304,21,False
2023-04-22,2023,2,4,Apr,2023-04,202304,22,True
2023-04-23,2023,2,4,Apr,2023-04,202304,23,True
2023-04-24,2023,2,4,Apr,2023-04,202304,24,False
2023-04-25,2023,2,4,Apr,2023-04,202304,25,False
2023-04-26,2023,2,4,Apr,2023-04,202304,26,False
2023-04-27,2023,2,4,Apr,2023-04,202304,27,False
2023-04-28,2023,2,4,Apr,2023-04,202304,28,False
2023-04-29,2023,2,4,Apr,2023-04,202304,29,True
2023-04-30,2023,2,4,Apr,2023-04,202304,30,True
2023-05-01,2023,2,5,May,2023-05,202305,1,False
2023-05-02,2023,2,5,May,2023-05,202305,2,False
2023-05-03,2023,2,5,May,2023-05,202305,3,False
2023-05-04,2023,2,5,May,2023-05,202305,4,False
2023-05-05,2023,2,5,May,2023-05,202305,5,False
2023-05-06,2023,2,5,May,2023-05,202305,6,True
2023-05-07,2023,2,5,May,2023-05,202305,7,True
2023-05-08,2023,2,5,May,2023-05,202305,8,False
2023-05-09,2023,2,5,May,2023-05,202305,9,False
2023-05-10,2023,2,5,May,2023-05,202305,10,False
2023-05-11,2023,2,5,May,2023-05,202305,11,False
2023-05-12,2023,2,5,May,2023-05,202305,12,False
2023-05-13,2023,2,5,May,2023-05,202305,13,True
2023-05-14,2023,2,5,May,2023-05,202305,14,True
2023-05-15,2023,2,5,May,2023-05,202305,15,False
2023-05-16,2023,2,5,May,2023-05,202305,16,False
2023-05-17,2023,2,5,May,2023-05,202305,17,False
2023-05-18,2023,2,5,May,2023-05,202305,18,False
2023-05-19,2023,2,5,May,2023-05,202305,19,False
2023-05-20,2023,2,5,May,2023-05,202305,20,True
2023-05-21,2023,2,5,May,2023-05,202305,21,True
2023-05-22,2023,2,5,May,2023-05,202305,22,False
2023-05-23,2023,2,5,May,2023-05,202305,23,False
2023-05-24,2023,2,5,May,2023-05,202305,24,False
2023-05-25,2023,2,5,May,2023-05,202305,25,False
2023-05-26,2023,2,5,May,2023-05,202305,26,False
2023-05-27,2023,2,5,May,2023-05,202305,27,True
2023-05-28,2023,2,5,May,2023-05,202305,28,True
2023-05-29,2023,2,5,May,2023-05,202305,29,False
2023-05-30,2023,2,5,May,2023-05,202305,30,False
2023-05-31,2023,2,5,May,2023-05,202305,31,False
2023-06-01,2023,2,6,Jun,2023-06,202306,1,False
2023-06-02,2023,2,6,Jun,2023-06,202306,2,False
2023-06-03,2023,2,6,Jun,2023-06,202306,3,True
2023-06-04,2023,2,6,Jun,2023-06,202306,4,True
2023-06-05,2023,2,6,Jun,2023-06,202306,5,False
2023-06-06,2023,2,6,Jun,2023-06,202306,6,False
2023-06-07,2023,2,6,Jun,2023-06,202306,7,False
2023-06-08,2023,2,6,Jun,2023-06,202306,8,False
2023-06-09,2023,2,6,Jun,2023-06,202306,9,False
2023-06-10,2023,2,6,Jun,2023-06,202306,10,True
2023-06-11,2023,2,6,Jun,2023-06,202306,11,True
2023-06-12,2023,2,6,Jun,2023-06,202306,12,False
2023-06-13,2023,2,6,Jun,2023-06,202306,13,False
2023-06-14,2023,2,6,Jun,2023-06,202306,14,False
2023-06-15,2023,2,6,Jun,2023-06,202306,15,False
2023-06-16,2023,2,6,Jun,2023-06,202306,16,False
2023-06-17,2023,2,6,Jun,2023-06,202306,17,True
2023-06-18,2023,2,6,Jun,2023-06,202306,18,True
2023-06-19,2023,2,6,Jun,2023-06,202306,19,False
2023-06-20,2023,2,6,Jun,2023-06,202306,20,False
2023-06-21,2023,2,6,Jun,2023-06,202306,21,False
2023-06-22,2023,2,6,Jun,2023-06,202306,22,False
2023-06-23,2023,2,6,Jun,2023-06,202306,23,False
2023-06-24,2023,2,6,Jun,2023-06,202306,24,True
2023-06-25,2023,2,6,Jun,2023-06,202306,25,True
2023-06-26,2023,2,6,Jun,2023-06,202306,26,False
2023-06-27,2023,2,6,Jun,2023-06,202306,27,False
2023-06-28,2023,2,6,Jun,2023-06,202306,28,False
2023-06-29,2023,2,6,Jun,2023-06,202306,29,False
2023-06-30,2023,2,6,Jun,2023-06,202306,30,False
2023-07-01,2023,3,7,Jul,2023-07,202307,1,True
2023-07-02,2023,3,7,Jul,2023-07,202307,2,True
2023-07-03,2023,3,7,Jul,2023-07,202307,3,False
2023-07-04,2023,3,7,Jul,2023-07,202307,4,False
2023-07-05,2023,3,7,Jul,2023-07,202307,5,False
2023-07-06,2023,3,7,Jul,2023-07,202307,6,False
2023-07-07,2023,3,7,Jul,2023-07,202307,7,False
2023-07-08,2023,3,7,Jul,2023-07,202307,8,True
2023-07-09,2023,3,7,Jul,2023-07,202307,9,True
2023-07-10,2023,3,7,Jul,2023-07,202307,10,False
2023-07-11,2023,3,7,Jul,2023-07,202307,11,False
2023-07-12,2023,3,7,Jul,2023-07,202307,12,False
2023-07-13,2023,3,7,Jul,2023-07,202307,13,False
2023-07-14,2023,3,7,Jul,2023-07,202307,14,False
2023-07-15,2023,3,7,Jul,2023-07,202307,15,True
2023-07-16,2023,3,7,Jul,2023-07,202307,16,True
2023-07-17,2023,3,7,Jul,2023-07,202307,17,False
2023-07-18,2023,3,7,Jul,2023-07,202307,18,False
2023-07-19,2023,3,7,Jul,2023-07,202307,19,False
2023-07-20,2023,3,7,Jul,2023-07,202307,20,False
2023-07-21,2023,3,7,Jul,2023-07,202307,21,False
2023-07-22,2023,3,7,Jul,2023-07,202307,22,True
2023-07-23,2023,3,7,Jul,2023-07,202307,23,True
2023-07-24,2023,3,7,Jul,2023-07,202307,24,False
2023-07-25,2023,3,7,Jul,2023-07,202307,25,False
2023-07-26,2023,3,7,Jul,2023-07,202307,26,False
2023-07-27,2023,3,7,Jul,2023-07,202307,27,False
2023-07-28,2023,3,7,Jul,2023-07,202307,28,False
2023-07-29,2023,3,7,Jul,2023-07,202307,29,True
2023-07-30,2023,3,7,Jul,2023-07,202307,30,True
2023-07-31,2023,3,7,Jul,2023-07,202307,31,False
2023-08-01,2023,3,8,Aug,2023-08,202308,1,False
2023-08-02,2023,3,8,Aug,2023-08,202308,2,False
2023-08-03,2023,3,8,Aug,2023-08,202308,3,False
2023-08-04,2023,3,8,Aug,2023-08,202308,4,False
2023-08-05,2023,3,8,Aug,2023-08,202308,5,True
2023-08-06,2023,3,8,Aug,2023-08,202308,6,True
2023-08-07,2023,3,8,Aug,2023-08,202308,7,False
2023-08-08,2023,3,8,Aug,2023-08,202308,8,False
2023-08-09,2023,3,8,Aug,2023-08,202308,9,False
2023-08-10,2023,3,8,Aug,2023-08,202308,10,False
2023-08-11,2023,3,8,Aug,2023-08,202308,11,False
2023-08-12,2023,3,8,Aug,2023-08,202308,12,True
2023-08-13,2023,3,8,Aug,2023-08,202308,13,True
2023-08-14,2023,3,8,Aug,2023-08,202308,14,False
2023-08-15,2023,3,8,Aug,2023-08,202308,15,False
2023-08-16,2023,3,8,Aug,2023-08,202308,16,False
2023-08-17,2023,3,8,Aug,2023-08,202308,17,False
2023-08-18,2023,3,8,Aug,2023-08,202308,18,False
2023-08-19,2023,3,8,Aug,2023-08,202308,19,True
2023-08-20,2023,3,8,Aug,2023-08,202308,20,True
2023-08-21,2023,3,8,Aug,2023-08,202308,21,False
2023-08-22,2023,3,8,Aug,2023-08,202308,22,False
2023-08-23,2023,3,8,Aug,2023-08,202308,23,False
2023-08-24,2023,3,8,Aug,2023-08,202308,24,False
2023-08-25,2023,3,8,Aug,2023-08,202308,25,False
2023-08-26,2023,3,8,Aug,2023-08,202308,26,True
2023-08-27,2023,3,8,Aug,2023-08,202308,27,True
2023-08-28,2023,3,8,Aug,2023-08,202308,28,False
2023-08-29,2023,3,8,Aug,2023-08,202308,29,False
2023-08-30,2023,3,8,Aug,2023-08,202308,30,False
2023-08-31,2023,3,8,Aug,2023-08,202308,31,False
2023-09-01,2023,3,9,Sep,2023-09,202309,1,False
2023-09-02,2023,3,9,Sep,2023-09,202309,2,True
2023-09-03,2023,3,9,Sep,2023-09,202309,3,True
2023-09-04,2023,3,9,Sep,2023-09,202309,4,False
2023-09-05,2023,3,9,Sep,2023-09,202309,5,False
2023-09-06,2023,3,9,Sep,2023-09,202309,6,False
2023-09-07,2023,3,9,Sep,2023-09,202309,7,False
2023-09-08,2023,3,9,Sep,2023-09,202309,8,False
2023-09-09,2023,3,9,Sep,2023-09,202309,9,True
2023-09-10,2023,3,9,Sep,2023-09,202309,10,True
2023-09-11,2023,3,9,Sep,2023-09,202309,11,False
2023-09-12,2023,3,9,Sep,2023-09,202309,12,False
2023-09-13,2023,3,9,Sep,2023-09,202309,13,False
2023-09-14,2023,3,9,Sep,2023-09,202309,14,False
2023-09-15,2023,3,9,Sep,2023-09,202309,15,False
2023-09-16,2023,3,9,Sep,2023-09,202309,16,True
2023-09-17,2023,3,9,Sep,2023-09,202309,17,True
2023-09-18,2023,3,9,Sep,2023-09,202309,18,False
2023-09-19,2023,3,9,Sep,2023-09,202309,19,False
2023-09-20,2023,3,9,Sep,2023-09,202309,20,False
2023-09-21,2023,3,9,Sep,2023-09,202309,21,False
2023-09-22,2023,3,9,Sep,2023-09,202309,22,False
2023-09-23,2023,3,9,Sep,2023-09,202309,23,True
2023-09-24,2023,3,9,Sep,2023-09,202309,24,True
2023-09-25,2023,3,9,Sep,2023-09,202309,25,False
2023-09-26,2023,3,9,Sep,2023-09,202309,26,False
2023-09-27,2023,3,9,Sep,2023-09,202309,27,False
2023-09-28,2023,3,9,Sep,2023-09,202309,28,False
2023-09-29,2023,3,9,Sep,2023-09,202309,29,False
2023-09-30,2023,3,9,Sep,2023-09,202309,30,True
2023-10-01,2023,4,10,Oct,2023-10,202310,1,True
2023-10-02,2023,4,10,Oct,2023-10,202310,2,False
2023-10-03,2023,4,10,Oct,2023-10,202310,3,False
2023-10-04,2023,4,10,Oct,2023-10,202310,4,False
2023-10-05,2023,4,10,Oct,2023-10,202310,5,False
2023-10-06,2023,4,10,Oct,2023-10,202310,6,False
2023-10-07,2023,4,10,Oct,2023-10,202310,7,True
2023-10-08,2023,4,10,Oct,2023-10,202310,8,True
2023-10-09,2023,4,10,Oct,2023-10,202310,9,False
2023-10-10,2023,4,10,Oct,2023-10,202310,10,False
2023-10-11,2023,4,10,Oct,2023-10,202310,11,False
2023-10-12,2023,4,10,Oct,2023-10,202310,12,False
2023-10-13,2023,4,10,Oct,2023-10,202310,13,False
2023-10-14,2023,4,10,Oct,2023-10,202310,14,True
2023-10-15,2023,4,10,Oct,2023-10,202310,15,True
2023-10-16,2023,4,10,Oct,2023-10,202310,16,False
2023-10-17,2023,4,10,Oct,2023-10,202310,17,False
2023-10-18,2023,4,10,Oct,2023-10,202310,18,False
2023-10-19,2023,4,10,Oct,2023-10,202310,19,False
2023-10-20,2023,4,10,Oct,2023-10,202310,20,False
2023-10-21,2023,4,10,Oct,2023-10,202310,21,True
2023-10-22,2023,4,10,Oct,2023-10,202310,22,True
2023-10-23,2023,4,10,Oct,2023-10,202310,23,False
2023-10-24,2023,4,10,Oct,2023-10,202310,24,False
2023-10-25,2023,4,10,Oct,2023-10,202310,25,False
2023-10-26,2023,4,10,Oct,2023-10,202310,26,False
2023-10-27,2023,4,10,Oct,2023-10,202310,27,False
2023-10-28,2023,4,10,Oct,2023-10,202310,28,True
2023-10-29,2023,4,10,Oct,2023-10,202310,29,True
2023-10-30,2023,4,10,Oct,2023-10,202310,30,False
2023-10-31,2023,4,10,Oct,2023-10,202310,31,False
2023-11-01,2023,4,11,Nov,2023-11,202311,1,False
2023-11-02,2023,4,11,Nov,2023-11,202311,2,False
2023-11-03,2023,4,11,Nov,2023-11,202311,3,False
2023-11-04,2023,4,11,Nov,2023-11,202311,4,True
2023-11-05,2023,4,11,Nov,2023-11,202311,5,True
2023-11-06,2023,4,11,Nov,2023-11,202311,6,False
2023-11-07,2023,4,11,Nov,2023-11,202311,7,False
2023-11-08,2023,4,11,Nov,2023-11,202311,8,False
2023-11-09,2023,4,11,Nov,2023-11,202311,9,False
2023-11-10,2023,4,11,Nov,2023-11,202311,10,False
2023-11-11,2023,4,11,Nov,2023-11,202311,11,True
2023-11-12,2023,4,11,Nov,2023-11,202311,12,True
2023-11-13,2023,4,11,Nov,2023-11,202311,13,False
2023-11-14,2023,4,11,Nov,2023-11,202311,14,False
2023-11-15,2023,4,11,Nov,2023-11,202311,15,False
2023-11-16,2023,4,11,Nov,2023-11,202311,16,False
2023-11-17,2023,4,11,Nov,2023-11,202311,17,False
2023-11-18,2023,4,11,Nov,2023-11,202311,18,True
2023-11-19,2023,4,11,Nov,2023-11,202311,19,True
2023-11-20,2023,4,11,Nov,2023-11,202311,20,False
2023-11-21,2023,4,11,Nov,2023-11,202311,21,False
2023-11-22,2023,4,11,Nov,2023-11,202311,22,False
2023-11-23,2023,4,11,Nov,2023-11,202311,23,False
2023-11-24,2023,4,11,Nov,2023-11,202311,24,False
2023-11-25,2023,4,11,Nov,2023-11,202311,25,True
2023-11-26,2023,4,11,Nov,2023-11,202311,26,True
2023-11-27,2023,4,11,Nov,2023-11,202311,27,False
2023-11-28,2023,4,11,Nov,2023-11,202311,28,False
2023-11-29,2023,4,11,Nov,2023-11,202311,29,False
2023-11-30,2023,4,11,Nov,2023-11,202311,30,False
2023-12-01,2023,4,12,Dec,2023-12,202312,1,False
2023-12-02,2023,4,12,Dec,2023-12,202312,2,True
2023-12-03,2023,4,12,Dec,2023-12,202312,3,True
2023-12-04,2023,4,12,Dec,2023-12,202312,4,False
2023-12-05,2023,4,12,Dec,2023-12,202312,5,False
2023-12-06,2023,4,12,Dec,2023-12,202312,6,False
2023-12-07,2023,4,12,Dec,2023-12,202312,7,False
2023-12-08,2023,4,12,Dec,2023-12,202312,8,False
2023-12-09,2023,4,12,Dec,2023-12,202312,9,True
2023-12-10,2023,4,12,Dec,2023-12,202312,10,True
2023-12-11,2023,4,12,Dec,2023-12,202312,11,False
2023-12-12,2023,4,12,Dec,2023-12,202312,12,False
2023-12-13,2023,4,12,Dec,2023-12,202312,13,False
2023-12-14,2023,4,12,Dec,2023-12,202312,14,False
2023-12-15,2023,4,12,Dec,2023-12,202312,15,False
2023-12-16,2023,4,12,Dec,2023-12,202312,16,True
2023-12-17,2023,4,12,Dec,2023-12,202312,17,True
2023-12-18,2023,4,12,Dec,2023-12,202312,18,False
2023-12-19,2023,4,12,Dec,2023-12,202312,19,False
2023-12-20,2023,4,12,Dec,2023-12,202312,20,False
2023-12-21,2023,4,12,Dec,2023-12,202312,21,False
2023-12-22,2023,4,12,Dec,2023-12,202312,22,False
2023-12-23,2023,4,12,Dec,2023-12,202312,23,True
2023-12-24,2023,4,12,Dec,2023-12,202312,24,True
2023-12-25,2023,4,12,Dec,2023-12,202312,25,False
2023-12-26,2023,4,12,Dec,2023-12,202312,26,False
2023-12-27,2023,4,12,Dec,2023-12,202312,27,False
2023-12-28,2023,4,12,Dec,2023-12,202312,28,False
2023-12-29,2023,4,12,Dec,2023-12,202312,29,False
2023-12-30,2023,4,12,Dec,2023-12,202312,30,True
2023-12-31,2023,4,12,Dec,2023-12,202312,31,True
2024-01-01,2024,1,1,Jan,2024-01,202401,1,False
2024-01-02,2024,1,1,Jan,2024-01,202401,2,False
2024-01-03,2024,1,1,Jan,2024-01,202401,3,False
2024-01-04,2024,1,1,Jan,2024-01,202401,4,False
2024-01-05,2024,1,1,Jan,2024-01,202401,5,False
2024-01-06,2024,1,1,Jan,2024-01,202401,6,True
2024-01-07,2024,1,1,Jan,2024-01,202401,7,True
2024-01-08,2024,1,1,Jan,2024-01,202401,8,False
2024-01-09,2024,1,1,Jan,2024-01,202401,9,False
2024-01-10,2024,1,1,Jan,2024-01,202401,10,False
2024-01-11,2024,1,1,Jan,2024-01,202401,11,False
2024-01-12,2024,1,1,Jan,2024-01,202401,12,False
2024-01-13,2024,1,1,Jan,2024-01,202401,13,True
2024-01-14,2024,1,1,Jan,2024-01,202401,14,True
2024-01-15,2024,1,1,Jan,2024-01,202401,15,False
2024-01-16,2024,1,1,Jan,2024-01,202401,16,False
2024-01-17,2024,1,1,Jan,2024-01,202401,17,False
2024-01-18,2024,1,1,Jan,2024-01,202401,18,False
2024-01-19,2024,1,1,Jan,2024-01,202401,19,False
2024-01-20,2024,1,1,Jan,2024-01,202401,20,True
2024-01-21,2024,1,1,Jan,2024-01,202401,21,True
2024-01-22,2024,1,1,Jan,2024-01,202401,22,False
2024-01-23,2024,1,1,Jan,2024-01,202401,23,False
2024-01-24,2024,1,1,Jan,2024-01,202401,24,False
2024-01-25,2024,1,1,Jan,2024-01,202401,25,False
2024-01-26,2024,1,1,Jan,2024-01,202401,26,False
2024-01-27,2024,1,1,Jan,2024-01,202401,27,True
2024-01-28,2024,1,1,Jan,2024-01,202401,28,True
2024-01-29,2024,1,1,Jan,2024-01,202401,29,False
2024-01-30,2024,1,1,Jan,2024-01,202401,30,False
2024-01-31,2024,1,1,Jan,2024-01,202401,31,False
2024-02-01,2024,1,2,Feb,2024-02,202402,1,False
2024-02-02,2024,1,2,Feb,2024-02,202402,2,False
2024-02-03,2024,1,2,Feb,2024-02,202402,3,True
2024-02-04,2024,1,2,Feb,2024-02,202402,4,True
2024-02-05,2024,1,2,Feb,2024-02,202402,5,False
2024-02-06,2024,1,2,Feb,2024-02,202402,6,False
2024-02-07,2024,1,2,Feb,2024-02,202402,7,False
2024-02-08,2024,1,2,Feb,2024-02,202402,8,False
2024-02-09,2024,1,2,Feb,2024-02,202402,9,False
2024-02-10,2024,1,2,Feb,2024-02,202402,10,True
2024-02-11,2024,1,2,Feb,2024-02,202402,11,True
2024-02-12,2024,1,2,Feb,2024-02,202402,12,False
2024-02-13,2024,1,2,Feb,2024-02,202402,13,False
2024-02-14,2024,1,2,Feb,2024-02,202402,14,False
2024-02-15,2024,1,2,Feb,2024-02,202402,15,False
2024-02-16,2024,1,2,Feb,2024-02,202402,16,False
2024-02-17,2024,1,2,Feb,2024-02,202402,17,True
2024-02-18,2024,1,2,Feb,2024-02,202402,18,True
2024-02-19,2024,1,2,Feb,2024-02,202402,19,False
2024-02-20,2024,1,2,Feb,2024-02,202402,20,False
2024-02-21,2024,1,2,Feb,2024-02,202402,21,False
2024-02-22,2024,1,2,Feb,2024-02,202402,22,False
2024-02-23,2024,1,2,Feb,2024-02,202402,23,False
2024-02-24,2024,1,2,Feb,2024-02,202402,24,True
2024-02-25,2024,1,2,Feb,2024-02,202402,25,True
2024-02-26,2024,1,2,Feb,2024-02,202402,26,False
2024-02-27,2024,1,2,Feb,2024-02,202402,27,False
2024-02-28,2024,1,2,Feb,2024-02,202402,28,False
2024-02-29,2024,1,2,Feb,2024-02,202402,29,False
2024-03-01,2024,1,3,Mar,2024-03,202403,1,False
2024-03-02,2024,1,3,Mar,2024-03,202403,2,True
2024-03-03,2024,1,3,Mar,2024-03,202403,3,True
2024-03-04,2024,1,3,Mar,2024-03,202403,4,False
2024-03-05,2024,1,3,Mar,2024-03,202403,5,False
2024-03-06,2024,1,3,Mar,2024-03,202403,6,False
2024-03-07,2024,1,3,Mar,2024-03,202403,7,False
2024-03-08,2024,1,3,Mar,2024-03,202403,8,False
2024-03-09,2024,1,3,Mar,2024-03,202403,9,True
2024-03-10,2024,1,3,Mar,2024-03,202403,10,True
2024-03-11,2024,1,3,Mar,2024-03,202403,11,False
2024-03-12,2024,1,3,Mar,2024-03,202403,12,False
2024-03-13,2024,1,3,Mar,2024-03,202403,13,False
2024-03-14,2024,1,3,Mar,2024-03,202403,14,False
2024-03-15,2024,1,3,Mar,2024-03,202403,15,False
2024-03-16,2024,1,3,Mar,2024-03,202403,16,True
2024-03-17,2024,1,3,Mar,2024-03,202403,17,True
2024-03-18,2024,1,3,Mar,2024-03,202403,18,False
2024-03-19,2024,1,3,Mar,2024-03,202403,19,False
2024-03-20,2024,1,3,Mar,2024-03,202403,20,False
2024-03-21,2024,1,3,Mar,2024-03,202403,21,False
2024-03-22,2024,1,3,Mar,2024-03,202403,22,False
2024-03-23,2024,1,3,Mar,2024-03,202403,23,True
2024-03-24,2024,1,3,Mar,2024-03,202403,24,True
2024-03-25,2024,1,3,Mar,2024-03,202403,25,False
2024-03-26,2024,1,3,Mar,2024-03,202403,26,False
2024-03-27,2024,1,3,Mar,2024-03,202403,27,False
2024-03-28,2024,1,3,Mar,2024-03,202403,28,False
2024-03-29,2024,1,3,Mar,2024-03,202403,29,False
2024-03-30,2024,1,3,Mar,2024-03,202403,30,True
2024-03-31,2024,1,3,Mar,2024-03,202403,31,True
2024-04-01,2024,2,4,Apr,2024-04,202404,1,False
2024-04-02,2024,2,4,Apr,2024-04,202404,2,False
2024-04-03,2024,2,4,Apr,2024-04,202404,3,False
2024-04-04,2024,2,4,Apr,2024-04,202404,4,False
2024-04-05,2024,2,4,Apr,2024-04,202404,5,False
2024-04-06,2024,2,4,Apr,2024-04,202404,6,True
2024-04-07,2024,2,4,Apr,2024-04,202404,7,True
2024-04-08,2024,2,4,Apr,2024-04,202404,8,False
2024-04-09,2024,2,4,Apr,2024-04,202404,9,False
2024-04-10,2024,2,4,Apr,2024-04,202404,10,False
2024-04-11,2024,2,4,Apr,2024-04,202404,11,False
2024-04-12,2024,2,4,Apr,2024-04,202404,12,False
2024-04-13,2024,2,4,Apr,2024-04,202404,13,True
2024-04-14,2024,2,4,Apr,2024-04,202404,14,True
2024-04-15,2024,2,4,Apr,2024-04,202404,15,False
2024-04-16,2024,2,4,Apr,2024-04,202404,16,False
2024-04-17,2024,2,4,Apr,2024-04,202404,17,False
2024-04-18,2024,2,4,Apr,2024-04,202404,18,False
2024-04-19,2024,2,4,Apr,2024-04,202404,19,False
2024-04-20,2024,2,4,Apr,2024-04,202404,20,True
2024-04-21,2024,2,4,Apr,2024-04,202404,21,True
2024-04-22,2024,2,4,Apr,2024-04,202404,22,False
2024-04-23,2024,2,4,Apr,2024-04,202404,23,False
2024-04-24,2024,2,4,Apr,2024-04,202404,24,False
2024-04-25,2024,2,4,Apr,2024-04,202404,25,False
2024-04-26,2024,2,4,Apr,2024-04,202404,26,False
2024-04-27,2024,2,4,Apr,2024-04,202404,27,True
2024-04-28,2024,2,4,Apr,2024-04,202404,28,True
2024-04-29,2024,2,4,Apr,2024-04,202404,29,False
2024-04-30,2024,2,4,Apr,2024-04,202404,30,False
2024-05-01,2024,2,5,May,2024-05,202405,1,False
2024-05-02,2024,2,5,May,2024-05,202405,2,False
2024-05-03,2024,2,5,May,2024-05,202405,3,False
2024-05-04,2024,2,5,May,2024-05,202405,4,True
2024-05-05,2024,2,5,May,2024-05,202405,5,True
2024-05-06,2024,2,5,May,2024-05,202405,6,False
2024-05-07,2024,2,5,May,2024-05,202405,7,False
2024-05-08,2024,2,5,May,2024-05,202405,8,False
2024-05-09,2024,2,5,May,2024-05,202405,9,False
2024-05-10,2024,2,5,May,2024-05,202405,10,False
2024-05-11,2024,2,5,May,2024-05,202405,11,True
2024-05-12,2024,2,5,May,2024-05,202405,12,True
2024-05-13,2024,2,5,May,2024-05,202405,13,False
2024-05-14,2024,2,5,May,2024-05,202405,14,False
2024-05-15,2024,2,5,May,2024-05,202405,15,False
2024-05-16,2024,2,5,May,2024-05,202405,16,False
2024-05-17,2024,2,5,May,2024-05,202405,17,False
2024-05-18,2024,2,5,May,2024-05,202405,18,True
2024-05-19,2024,2,5,May,2024-05,202405,19,True
2024-05-20,2024,2,5,May,2024-05,202405,20,False
2024-05-21,2024,2,5,May,2024-05,202405,21,False
2024-05-22,2024,2,5,May,2024-05,202405,22,False
2024-05-23,2024,2,5,May,2024-05,202405,23,False
2024-05-24,2024,2,5,May,2024-05,202405,24,False
2024-05-25,2024,2,5,May,2024-05,202405,25,True
2024-05-26,2024,2,5,May,2024-05,202405,26,True
2024-05-27,2024,2,5,May,2024-05,202405,27,False
2024-05-28,2024,2,5,May,2024-05,202405,28,False
2024-05-29,2024,2,5,May,2024-05,202405,29,False
2024-05-30,2024,2,5,May,2024-05,202405,30,False
2024-05-31,2024,2,5,May,2024-05,202405,31,False
2024-06-01,2024,2,6,Jun,2024-06,202406,1,True
2024-06-02,2024,2,6,Jun,2024-06,202406,2,True
2024-06-03,2024,2,6,Jun,2024-06,202406,3,False
2024-06-04,2024,2,6,Jun,2024-06,202406,4,False
2024-06-05,2024,2,6,Jun,2024-06,202406,5,False
2024-06-06,2024,2,6,Jun,2024-06,202406,6,False
2024-06-07,2024,2,6,Jun,2024-06,202406,7,False
2024-06-08,2024,2,6,Jun,2024-06,202406,8,True
2024-06-09,2024,2,6,Jun,2024-06,202406,9,True
2024-06-10,2024,2,6,Jun,2024-06,202406,10,False
2024-06-11,2024,2,6,Jun,2024-06,202406,11,False
2024-06-12,2024,2,6,Jun,2024-06,202406,12,False
2024-06-13,2024,2,6,Jun,2024-06,202406,13,False
2024-06-14,2024,2,6,Jun,2024-06,202406,14,False
2024-06-15,2024,2,6,Jun,2024-06,202406,15,True
2024-06-16,2024,2,6,Jun,2024-06,202406,16,True
2024-06-17,2024,2,6,Jun,2024-06,202406,17,False
2024-06-18,2024,2,6,Jun,2024-06,202406,18,False
2024-06-19,2024,2,6,Jun,2024-06,202406,19,False
2024-06-20,2024,2,6,Jun,2024-06,202406,20,False
2024-06-21,2024,2,6,Jun,2024-06,202406,21,False
2024-06-22,2024,2,6,Jun,2024-06,202406,22,True
2024-06-23,2024,2,6,Jun,2024-06,202406,23,True
2024-06-24,2024,2,6,Jun,2024-06,202406,24,False
2024-06-25,2024,2,6,Jun,2024-06,202406,25,False
2024-06-26,2024,2,6,Jun,2024-06,202406,26,False
2024-06-27,2024,2,6,Jun,2024-06,202406,27,False
2024-06-28,2024,2,6,Jun,2024-06,202406,28,False
2024-06-29,2024,2,6,Jun,2024-06,202406,29,True
2024-06-30,2024,2,6,Jun,2024-06,202406,30,True
2024-07-01,2024,3,7,Jul,2024-07,202407,1,False
2024-07-02,2024,3,7,Jul,2024-07,202407,2,False
2024-07-03,2024,3,7,Jul,2024-07,202407,3,False
2024-07-04,2024,3,7,Jul,2024-07,202407,4,False
2024-07-05,2024,3,7,Jul,2024-07,202407,5,False
2024-07-06,2024,3,7,Jul,2024-07,202407,6,True
2024-07-07,2024,3,7,Jul,2024-07,202407,7,True
2024-07-08,2024,3,7,Jul,2024-07,202407,8,False
2024-07-09,2024,3,7,Jul,2024-07,202407,9,False
2024-07-10,2024,3,7,Jul,2024-07,202407,10,False
2024-07-11,2024,3,7,Jul,2024-07,202407,11,False
2024-07-12,2024,3,7,Jul,2024-07,202407,12,False
2024-07-13,2024,3,7,Jul,2024-07,202407,13,True
2024-07-14,2024,3,7,Jul,2024-07,202407,14,True
2024-07-15,2024,3,7,Jul,2024-07,202407,15,False
2024-07-16,2024,3,7,Jul,2024-07,202407,16,False
2024-07-17,2024,3,7,Jul,2024-07,202407,17,False
2024-07-18,2024,3,7,Jul,2024-07,202407,18,False
2024-07-19,2024,3,7,Jul,2024-07,202407,19,False
2024-07-20,2024,3,7,Jul,2024-07,202407,20,True
2024-07-21,2024,3,7,Jul,2024-07,202407,21,True
2024-07-22,2024,3,7,Jul,2024-07,202407,22,False
2024-07-23,2024,3,7,Jul,2024-07,202407,23,False
2024-07-24,2024,3,7,Jul,2024-07,202407,24,False
2024-07-25,2024,3,7,Jul,2024-07,202407,25,False
2024-07-26,2024,3,7,Jul,2024-07,202407,26,False
2024-07-27,2024,3,7,Jul,2024-07,202407,27,True
2024-07-28,2024,3,7,Jul,2024-07,202407,28,True
2024-07-29,2024,3,7,Jul,2024-07,202407,29,False
2024-07-30,2024,3,7,Jul,2024-07,202407,30,False
2024-07-31,2024,3,7,Jul,2024-07,202407,31,False
2024-08-01,2024,3,8,Aug,2024-08,202408,1,False
2024-08-02,2024,3,8,Aug,2024-08,202408,2,False
2024-08-03,2024,3,8,Aug,2024-08,202408,3,True
2024-08-04,2024,3,8,Aug,2024-08,202408,4,True
2024-08-05,2024,3,8,Aug,2024-08,202408,5,False
2024-08-06,2024,3,8,Aug,2024-08,202408,6,False
2024-08-07,2024,3,8,Aug,2024-08,202408,7,False
2024-08-08,2024,3,8,Aug,2024-08,202408,8,False
2024-08-09,2024,3,8,Aug,2024-08,202408,9,False
2024-08-10,2024,3,8,Aug,2024-08,202408,10,True
2024-08-11,2024,3,8,Aug,2024-08,202408,11,True
2024-08-12,2024,3,8,Aug,2024-08,202408,12,False
2024-08-13,2024,3,8,Aug,2024-08,202408,13,False
2024-08-14,2024,3,8,Aug,2024-08,202408,14,False
2024-08-15,2024,3,8,Aug,2024-08,202408,15,False
2024-08-16,2024,3,8,Aug,2024-08,202408,16,False
2024-08-17,2024,3,8,Aug,2024-08,202408,17,True
2024-08-18,2024,3,8,Aug,2024-08,202408,18,True
2024-08-19,2024,3,8,Aug,2024-08,202408,19,False
2024-08-20,2024,3,8,Aug,2024-08,202408,20,False
2024-08-21,2024,3,8,Aug,2024-08,202408,21,False
2024-08-22,2024,3,8,Aug,2024-08,202408,22,False
2024-08-23,2024,3,8,Aug,2024-08,202408,23,False
2024-08-24,2024,3,8,Aug,2024-08,202408,24,True
2024-08-25,2024,3,8,Aug,2024-08,202408,25,True
2024-08-26,2024,3,8,Aug,2024-08,202408,26,False
2024-08-27,2024,3,8,Aug,2024-08,202408,27,False
2024-08-28,2024,3,8,Aug,2024-08,202408,28,False
2024-08-29,2024,3,8,Aug,2024-08,202408,29,False
2024-08-30,2024,3,8,Aug,2024-08,202408,30,False
2024-08-31,2024,3,8,Aug,2024-08,202408,31,True
2024-09-01,2024,3,9,Sep,2024-09,202409,1,True
2024-09-02,2024,3,9,Sep,2024-09,202409,2,False
2024-09-03,2024,3,9,Sep,2024-09,202409,3,False
2024-09-04,2024,3,9,Sep,2024-09,202409,4,False
2024-09-05,2024,3,9,Sep,2024-09,202409,5,False
2024-09-06,2024,3,9,Sep,2024-09,202409,6,False
2024-09-07,2024,3,9,Sep,2024-09,202409,7,True
2024-09-08,2024,3,9,Sep,2024-09,202409,8,True
2024-09-09,2024,3,9,Sep,2024-09,202409,9,False
2024-09-10,2024,3,9,Sep,2024-09,202409,10,False
2024-09-11,2024,3,9,Sep,2024-09,202409,11,False
2024-09-12,2024,3,9,Sep,2024-09,202409,12,False
2024-09-13,2024,3,9,Sep,2024-09,202409,13,False
2024-09-14,2024,3,9,Sep,2024-09,202409,14,True
2024-09-15,2024,3,9,Sep,2024-09,202409,15,True
2024-09-16,2024,3,9,Sep,2024-09,202409,16,False
2024-09-17,2024,3,9,Sep,2024-09,202409,17,False
2024-09-18,2024,3,9,Sep,2024-09,202409,18,False
2024-09-19,2024,3,9,Sep,2024-09,202409,19,False
2024-09-20,2024,3,9,Sep,2024-09,202409,20,False
2024-09-21,2024,3,9,Sep,2024-09,202409,21,True
2024-09-22,2024,3,9,Sep,2024-09,202409,22,True
2024-09-23,2024,3,9,Sep,2024-09,202409,23,False
2024-09-24,2024,3,9,Sep,2024-09,202409,24,False
2024-09-25,2024,3,9,Sep,2024-09,202409,25,False
2024-09-26,2024,3,9,Sep,2024-09,202409,26,False
2024-09-27,2024,3,9,Sep,2024-09,202409,27,False
2024-09-28,2024,3,9,Sep,2024-09,202409,28,True
2024-09-29,2024,3,9,Sep,2024-09,202409,29,True
2024-09-30,2024,3,9,Sep,2024-09,202409,30,False
2024-10-01,2024,4,10,Oct,2024-10,202410,1,False
2024-10-02,2024,4,10,Oct,2024-10,202410,2,False
2024-10-03,2024,4,10,Oct,2024-10,202410,3,False
2024-10-04,2024,4,10,Oct,2024-10,202410,4,False
2024-10-05,2024,4,10,Oct,2024-10,202410,5,True
2024-10-06,2024,4,10,Oct,2024-10,202410,6,True
2024-10-07,2024,4,10,Oct,2024-10,202410,7,False
2024-10-08,2024,4,10,Oct,2024-10,202410,8,False
2024-10-09,2024,4,10,Oct,2024-10,202410,9,False
2024-10-10,2024,4,10,Oct,2024-10,202410,10,False
2024-10-11,2024,4,10,Oct,2024-10,202410,11,False
2024-10-12,2024,4,10,Oct,2024-10,202410,12,True
2024-10-13,2024,4,10,Oct,2024-10,202410,13,True
2024-10-14,2024,4,10,Oct,2024-10,202410,14,False
2024-10-15,2024,4,10,Oct,2024-10,202410,15,False
2024-10-16,2024,4,10,Oct,2024-10,202410,16,False
2024-10-17,2024,4,10,Oct,2024-10,202410,17,False
2024-10-18,2024,4,10,Oct,2024-10,202410,18,False
2024-10-19,2024,4,10,Oct,2024-10,202410,19,True
2024-10-20,2024,4,10,Oct,2024-10,202410,20,True
2024-10-21,2024,4,10,Oct,2024-10,202410,21,False
2024-10-22,2024,4,10,Oct,2024-10,202410,22,False
2024-10-23,2024,4,10,Oct,2024-10,202410,23,False
2024-10-24,2024,4,10,Oct,2024-10,202410,24,False
2024-10-25,2024,4,10,Oct,2024-10,202410,25,False
2024-10-26,2024,4,10,Oct,2024-10,202410,26,True
2024-10-27,2024,4,10,Oct,2024-10,202410,27,True
2024-10-28,2024,4,10,Oct,2024-10,202410,28,False
2024-10-29,2024,4,10,Oct,2024-10,202410,29,False
2024-10-30,2024,4,10,Oct,2024-10,202410,30,False
2024-10-31,2024,4,10,Oct,2024-10,202410,31,False
2024-11-01,2024,4,11,Nov,2024-11,202411,1,False
2024-11-02,2024,4,11,Nov,2024-11,202411,2,True
2024-11-03,2024,4,11,Nov,2024-11,202411,3,True
2024-11-04,2024,4,11,Nov,2024-11,202411,4,False
2024-11-05,2024,4,11,Nov,2024-11,202411,5,False
2024-11-06,2024,4,11,Nov,2024-11,202411,6,False
2024-11-07,2024,4,11,Nov,2024-11,202411,7,False
2024-11-08,2024,4,11,Nov,2024-11,202411,8,False
2024-11-09,2024,4,11,Nov,2024-11,202411,9,True
2024-11-10,2024,4,11,Nov,2024-11,202411,10,True
2024-11-11,2024,4,11,Nov,2024-11,202411,11,False
2024-11-12,2024,4,11,Nov,2024-11,202411,12,False
2024-11-13,2024,4,11,Nov,2024-11,202411,13,False
2024-11-14,2024,4,11,Nov,2024-11,202411,14,False
2024-11-15,2024,4,11,Nov,2024-11,202411,15,False
2024-11-16,2024,4,11,Nov,2024-11,202411,16,True
2024-11-17,2024,4,11,Nov,2024-11,202411,17,True
2024-11-18,2024,4,11,Nov,2024-11,202411,18,False
2024-11-19,2024,4,11,Nov,2024-11,202411,19,False
2024-11-20,2024,4,11,Nov,2024-11,202411,20,False
2024-11-21,2024,4,11,Nov,2024-11,202411,21,False
2024-11-22,2024,4,11,Nov,2024-11,202411,22,False
2024-11-23,2024,4,11,Nov,2024-11,202411,23,True
2024-11-24,2024,4,11,Nov,2024-11,202411,24,True
2024-11-25,2024,4,11,Nov,2024-11,202411,25,False
2024-11-26,2024,4,11,Nov,2024-11,202411,26,False
2024-11-27,2024,4,11,Nov,2024-11,202411,27,False
2024-11-28,2024,4,11,Nov,2024-11,202411,28,False
2024-11-29,2024,4,11,Nov,2024-11,202411,29,False
2024-11-30,2024,4,11,Nov,2024-11,202411,30,True
2024-12-01,2024,4,12,Dec,2024-12,202412,1,True
2024-12-02,2024,4,12,Dec,2024-12,202412,2,False
2024-12-03,2024,4,12,Dec,2024-12,202412,3,False
2024-12-04,2024,4,12,Dec,2024-12,202412,4,False
2024-12-05,2024,4,12,Dec,2024-12,202412,5,False
2024-12-06,2024,4,12,Dec,2024-12,202412,6,False
2024-12-07,2024,4,12,Dec,2024-12,202412,7,True
2024-12-08,2024,4,12,Dec,2024-12,202412,8,True
2024-12-09,2024,4,12,Dec,2024-12,202412,9,False
2024-12-10,2024,4,12,Dec,2024-12,202412,10,False
2024-12-11,2024,4,12,Dec,2024-12,202412,11,False
2024-12-12,2024,4,12,Dec,2024-12,202412,12,False
2024-12-13,2024,4,12,Dec,2024-12,202412,13,False
2024-12-14,2024,4,12,Dec,2024-12,202412,14,True
2024-12-15,2024,4,12,Dec,2024-12,202412,15,True
2024-12-16,2024,4,12,Dec,2024-12,202412,16,False
2024-12-17,2024,4,12,Dec,2024-12,202412,17,False
2024-12-18,2024,4,12,Dec,2024-12,202412,18,False
2024-12-19,2024,4,12,Dec,2024-12,202412,19,False
2024-12-20,2024,4,12,Dec,2024-12,202412,20,False
2024-12-21,2024,4,12,Dec,2024-12,202412,21,True
2024-12-22,2024,4,12,Dec,2024-12,202412,22,True
2024-12-23,2024,4,12,Dec,2024-12,202412,23,False
2024-12-24,2024,4,12,Dec,2024-12,202412,24,False
2024-12-25,2024,4,12,Dec,2024-12,202412,25,False
2024-12-26,2024,4,12,Dec,2024-12,202412,26,False
2024-12-27,2024,4,12,Dec,2024-12,202412,27,False
2024-12-28,2024,4,12,Dec,2024-12,202412,28,True
2024-12-29,2024,4,12,Dec,2024-12,202412,29,True
2024-12-30,2024,4,12,Dec,2024-12,202412,30,False
2024-12-31,2024,4,12,Dec,2024-12,202412,31,False
