YearMonthKey,StoreID,Category,SalesTarget,ProfitTarget
202301,2001,Electronics,20621.43,3281.94
202301,2001,Apparel,11926.16,5292.14
202301,2001,Home,11251.87,3425.67
202301,2001,Furniture,17186.5,4444.27
202301,2002,Electronics,19423.65,3470.95
202301,2002,Apparel,12174.33,5259.08
202301,2002,Home,11539.16,3888.64
202301,2002,Furniture,15216.88,4084.32
202301,2003,Electronics,16042.29,2866.64
202301,2003,Apparel,11317.47,4553.86
202301,2003,Home,9907.0,3382.83
202301,2003,Furniture,13471.45,3554.01
202301,2004,Electronics,20824.85,3452.0
202301,2004,Apparel,12627.42,5302.07
202301,2004,Home,10274.15,3297.9
202301,2004,Furniture,16857.09,4223.98
202301,2005,Electronics,24438.22,4233.37
202301,2005,Apparel,15020.78,6317.28
202301,2005,Home,12339.37,3727.71
202301,2005,Furniture,16642.81,4304.37
202301,2006,Electronics,17409.28,2992.59
202301,2006,Apparel,11828.9,5014.99
202301,2006,Home,10229.01,3206.0
202301,2006,Furniture,13718.82,3543.05
202301,2007,Electronics,17593.25,3027.08
202301,2007,Apparel,11175.49,4427.85
202301,2007,Home,10164.02,2920.3
202301,2007,Furniture,13642.46,3554.74
202301,2008,Electronics,17298.83,3286.13
202301,2008,Apparel,10570.2,4222.6
202301,2008,Home,9004.76,2762.61
202301,2008,Furniture,13264.61,3573.91
202301,2009,Electronics,18472.1,3473.56
202301,2009,Apparel,13110.72,5116.75
202301,2009,Home,9282.43,2947.75
202301,2009,Furniture,14269.47,4110.67
202301,2010,Electronics,20268.1,3513.14
202301,2010,Apparel,11510.33,4941.91
202301,2010,Home,9419.5,2949.93
202301,2010,Furniture,14775.25,3879.79
202301,2011,Electronics,20601.88,3311.59
202301,2011,Apparel,10793.27,4879.58
202301,2011,Home,10259.02,3037.7
202301,2011,Furniture,15187.7,4515.11
202301,2012,Electronics,20606.9,3635.7
202301,2012,Apparel,11707.0,5120.52
202301,2012,Home,11359.37,3611.51
202301,2012,Furniture,17102.38,4551.37
202301,2013,Electronics,21503.52,4087.56
202301,2013,Apparel,14380.51,5950.26
202301,2013,Home,12384.13,4040.67
202301,2013,Furniture,15624.05,3769.15
202301,2014,Electronics,21680.32,3898.65
202301,2014,Apparel,12913.0,5565.57
202301,2014,Home,11365.01,4083.13
202301,2014,Furniture,16980.57,4513.15
202301,2015,Electronics,18229.72,3454.4
202301,2015,Apparel,11458.55,4764.66
202301,2015,Home,9672.32,3320.51
202301,2015,Furniture,13775.84,3828.69
202301,2016,Electronics,22425.09,4219.94
202301,2016,Apparel,13936.4,5398.38
202301,2016,Home,13152.81,4104.36
202301,2016,Furniture,17184.33,4484.65
202301,2017,Electronics,21246.85,3449.77
202301,2017,Apparel,13548.07,5824.73
202301,2017,Home,11139.24,3324.62
202301,2017,Furniture,17542.28,4214.82
202301,2018,Electronics,23247.1,4258.6
202301,2018,Apparel,13899.41,5999.21
202301,2018,Home,11386.65,3704.51
202301,2018,Furniture,16748.88,4333.76
202301,2019,Electronics,16978.25,3001.77
202301,2019,Apparel,10725.18,4428.01
202301,2019,Home,9897.96,3146.74
202301,2019,Furniture,15096.82,4214.0
202301,2020,Electronics,21642.21,4086.5
202301,2020,Apparel,12643.12,5838.35
202301,2020,Home,11736.53,3773.75
202301,2020,Furniture,16715.64,4307.75
202302,2001,Electronics,19649.91,3753.72
202302,2001,Apparel,13417.19,5930.25
202302,2001,Home,10950.63,3748.1
202302,2001,Furniture,15903.86,4132.71
202302,2002,Electronics,20232.27,3450.74
202302,2002,Apparel,12158.15,5059.71
202302,2002,Home,12168.98,3871.78
202302,2002,Furniture,16009.29,4273.99
202302,2003,Electronics,19333.4,3527.8
202302,2003,Apparel,12459.92,4982.01
202302,2003,Home,10998.18,3325.87
202302,2003,Furniture,13697.02,3479.31
202302,2004,Electronics,20737.46,3657.25
202302,2004,Apparel,12724.88,5006.81
202302,2004,Home,11392.78,3635.97
202302,2004,Furniture,17829.78,4890.51
202302,2005,Electronics,20965.36,3616.28
202302,2005,Apparel,13732.01,6305.75
202302,2005,Home,11715.6,3801.12
202302,2005,Furniture,18685.59,4944.84
202302,2006,Electronics,17432.54,3086.66
202302,2006,Apparel,12381.28,4356.08
202302,2006,Home,10137.05,3653.82
202302,2006,Furniture,15374.36,3655.85
202302,2007,Electronics,19367.13,3398.68
202302,2007,Apparel,11822.19,5351.7
202302,2007,Home,10443.05,3427.97
202302,2007,Furniture,14888.19,4056.18
202302,2008,Electronics,15381.36,2833.12
202302,2008,Apparel,10501.49,4389.15
202302,2008,Home,11052.53,3440.98
202302,2008,Furniture,14029.05,3574.25
202302,2009,Electronics,18422.23,3023.77
202302,2009,Apparel,13150.22,5385.66
202302,2009,Home,10211.35,3338.49
202302,2009,Furniture,14428.18,3923.78
202302,2010,Electronics,19720.89,3553.89
202302,2010,Apparel,12606.2,5111.42
202302,2010,Home,11738.18,4095.51
202302,2010,Furniture,16474.03,4437.23
202302,2011,Electronics,19887.98,3540.46
202302,2011,Apparel,12555.21,5599.93
202302,2011,Home,11270.89,3336.0
202302,2011,Furniture,15222.87,3646.96
202302,2012,Electronics,24480.89,4415.36
202302,2012,Apparel,14636.64,6738.63
202302,2012,Home,11741.97,3199.19
202302,2012,Furniture,17826.61,4984.34
202302,2013,Electronics,24251.14,4249.12
202302,2013,Apparel,14841.37,5885.86
202302,2013,Home,12357.18,3846.03
202302,2013,Furniture,16197.99,4824.94
202302,2014,Electronics,20694.43,3827.28
202302,2014,Apparel,13600.18,5426.94
202302,2014,Home,12024.29,3858.73
202302,2014,Furniture,15835.83,4315.49
202302,2015,Electronics,18874.15,3789.44
202302,2015,Apparel,11393.46,4777.35
202302,2015,Home,10600.57,3643.19
202302,2015,Furniture,13165.94,3404.34
202302,2016,Electronics,19817.6,3443.67
202302,2016,Apparel,14854.97,6129.11
202302,2016,Home,13291.33,4147.78
202302,2016,Furniture,18177.08,4602.61
202302,2017,Electronics,22482.24,4097.32
202302,2017,Apparel,15390.72,6509.01
202302,2017,Home,12093.09,3907.05
202302,2017,Furniture,17679.95,4938.98
202302,2018,Electronics,22849.42,4066.22
202302,2018,Apparel,13393.03,5648.75
202302,2018,Home,12431.73,3585.13
202302,2018,Furniture,18232.43,4680.94
202302,2019,Electronics,18350.37,3247.81
202302,2019,Apparel,11727.07,4875.48
202302,2019,Home,9207.17,2752.27
202302,2019,Furniture,13928.27,3355.27
202302,2020,Electronics,20836.65,3419.35
202302,2020,Apparel,14272.09,6064.53
202302,2020,Home,11633.55,3939.72
202302,2020,Furniture,20366.81,5532.71
202303,2001,Electronics,24566.04,4242.06
202303,2001,Apparel,15652.97,6646.22
202303,2001,Home,14867.76,4606.33
202303,2001,Furniture,19456.89,4714.75
202303,2002,Electronics,24255.7,4223.21
202303,2002,Apparel,14573.99,6108.02
202303,2002,Home,11941.82,3635.29
202303,2002,Furniture,19366.96,5027.82
202303,2003,Electronics,17959.02,3357.61
202303,2003,Apparel,13105.83,5875.6
202303,2003,Home,11216.68,3373.39
202303,2003,Furniture,16754.79,4380.58
202303,2004,Electronics,22635.19,4269.99
202303,2004,Apparel,15291.13,6426.39
202303,2004,Home,11867.84,3849.58
202303,2004,Furniture,17158.86,4262.88
202303,2005,Electronics,26980.27,4746.5
202303,2005,Apparel,16814.77,6431.57
202303,2005,Home,14759.6,4636.66
202303,2005,Furniture,20997.54,5299.06
202303,2006,Electronics,21363.24,3732.52
202303,2006,Apparel,14959.01,6199.09
202303,2006,Home,10727.56,3399.01
202303,2006,Furniture,14980.21,3492.29
202303,2007,Electronics,21538.4,3874.28
202303,2007,Apparel,13349.05,5419.78
202303,2007,Home,11365.63,3562.47
202303,2007,Furniture,17980.64,4744.81
202303,2008,Electronics,19988.17,3482.89
202303,2008,Apparel,13487.19,5117.42
202303,2008,Home,11225.94,3726.88
202303,2008,Furniture,17035.86,4468.71
202303,2009,Electronics,21251.34,3790.15
202303,2009,Apparel,14284.83,5279.05
202303,2009,Home,12346.02,3864.7
202303,2009,Furniture,18306.49,4620.52
202303,2010,Electronics,21417.63,4139.75
202303,2010,Apparel,15134.16,6243.48
202303,2010,Home,13229.47,4581.82
202303,2010,Furniture,17728.45,4621.87
202303,2011,Electronics,18452.11,3313.79
202303,2011,Apparel,16683.62,8049.8
202303,2011,Home,12447.71,3868.68
202303,2011,Furniture,16912.56,4476.78
202303,2012,Electronics,25379.26,4427.21
202303,2012,Apparel,15863.72,7250.78
202303,2012,Home,14061.94,4651.2
202303,2012,Furniture,18539.07,4820.93
202303,2013,Electronics,25493.9,4871.38
202303,2013,Apparel,16458.35,7033.89
202303,2013,Home,14123.09,4204.75
202303,2013,Furniture,20405.74,5433.58
202303,2014,Electronics,26362.55,4687.02
202303,2014,Apparel,14998.88,5904.81
202303,2014,Home,12536.14,3794.44
202303,2014,Furniture,19356.6,5184.38
202303,2015,Electronics,20068.26,3749.98
202303,2015,Apparel,15203.61,6447.45
202303,2015,Home,11892.8,3554.74
202303,2015,Furniture,16127.61,4217.55
202303,2016,Electronics,26417.57,4788.49
202303,2016,Apparel,15040.58,6345.97
202303,2016,Home,14890.33,4760.11
202303,2016,Furniture,18903.52,4876.48
202303,2017,Electronics,26972.48,5078.41
202303,2017,Apparel,15596.22,6523.88
202303,2017,Home,13603.25,4601.98
202303,2017,Furniture,16653.41,4436.24
202303,2018,Electronics,26265.33,4840.15
202303,2018,Apparel,16003.11,6822.71
202303,2018,Home,13806.95,4456.81
202303,2018,Furniture,19911.58,4984.88
202303,2019,Electronics,20721.07,3502.96
202303,2019,Apparel,12287.13,5526.59
202303,2019,Home,11585.81,3686.97
202303,2019,Furniture,16795.63,4783.55
202303,2020,Electronics,24340.8,4702.09
202303,2020,Apparel,15253.15,6685.63
202303,2020,Home,11894.92,3507.42
202303,2020,Furniture,18572.48,5066.95
202304,2001,Electronics,27375.01,5006.58
202304,2001,Apparel,17443.51,7055.67
202304,2001,Home,14238.26,4762.36
202304,2001,Furniture,20836.54,5336.16
202304,2002,Electronics,28573.94,5302.7
202304,2002,Apparel,15525.2,6798.28
202304,2002,Home,14672.77,4699.06
202304,2002,Furniture,22010.49,5785.38
202304,2003,Electronics,22650.02,3642.74
202304,2003,Apparel,14569.61,6120.64
202304,2003,Home,13017.21,3991.59
202304,2003,Furniture,16107.47,4412.71
202304,2004,Electronics,24912.05,4399.19
202304,2004,Apparel,17473.39,6539.0
202304,2004,Home,15385.53,4800.13
202304,2004,Furniture,18862.49,4717.78
202304,2005,Electronics,27430.46,5126.9
202304,2005,Apparel,17646.38,7163.07
202304,2005,Home,15784.64,5074.46
202304,2005,Furniture,24597.24,6046.61
202304,2006,Electronics,21653.08,3877.57
202304,2006,Apparel,14374.47,5831.88
202304,2006,Home,14238.53,4666.56
202304,2006,Furniture,17699.84,4502.02
202304,2007,Electronics,24288.78,4190.01
202304,2007,Apparel,14929.49,6423.16
202304,2007,Home,13313.45,4099.16
202304,2007,Furniture,19597.49,4850.6
202304,2008,Electronics,22048.78,3956.52
202304,2008,Apparel,12424.95,4743.36
202304,2008,Home,13272.97,4363.69
202304,2008,Furniture,15467.71,4161.01
202304,2009,Electronics,23647.92,4145.76
202304,2009,Apparel,15093.16,6283.19
202304,2009,Home,14679.62,4790.02
202304,2009,Furniture,18541.42,5025.19
202304,2010,Electronics,25753.67,4844.33
202304,2010,Apparel,15752.51,6441.41
202304,2010,Home,13745.09,4224.05
202304,2010,Furniture,20355.56,5318.49
202304,2011,Electronics,25074.36,4142.4
202304,2011,Apparel,16885.69,7367.58
202304,2011,Home,12270.43,3781.92
202304,2011,Furniture,18505.93,4507.78
202304,2012,Electronics,29178.81,4775.25
202304,2012,Apparel,18422.29,8168.06
202304,2012,Home,15087.44,5046.15
202304,2012,Furniture,21090.53,5402.55
202304,2013,Electronics,26005.02,4258.85
202304,2013,Apparel,17136.62,6961.02
202304,2013,Home,14929.41,5034.74
202304,2013,Furniture,22860.13,5336.32
202304,2014,Electronics,24507.99,4444.05
202304,2014,Apparel,17435.46,7157.2
202304,2014,Home,15859.64,4644.74
202304,2014,Furniture,19755.29,5116.25
202304,2015,Electronics,24952.79,4831.24
202304,2015,Apparel,14470.93,5191.03
202304,2015,Home,13567.98,4493.34
202304,2015,Furniture,17563.49,4538.69
202304,2016,Electronics,30648.14,5483.14
202304,2016,Apparel,19582.4,8329.63
202304,2016,Home,14591.5,4487.31
202304,2016,Furniture,23737.11,5522.72
202304,2017,Electronics,29322.39,4417.27
202304,2017,Apparel,18900.09,7861.48
202304,2017,Home,15631.24,4696.72
202304,2017,Furniture,22112.83,5802.93
202304,2018,Electronics,28654.63,5222.95
202304,2018,Apparel,18139.7,7206.62
202304,2018,Home,16949.96,4665.48
202304,2018,Furniture,22562.75,5573.5
202304,2019,Electronics,21766.66,3793.2
202304,2019,Apparel,15776.37,7030.93
202304,2019,Home,12174.82,3731.56
202304,2019,Furniture,16228.87,3876.82
202304,2020,Electronics,26239.55,4437.92
202304,2020,Apparel,16595.54,7347.57
202304,2020,Home,15521.18,4921.65
202304,2020,Furniture,20638.24,5375.55
202305,2001,Electronics,28360.39,4660.29
202305,2001,Apparel,17137.91,7121.11
202305,2001,Home,17345.36,5488.77
202305,2001,Furniture,21762.56,5589.87
202305,2002,Electronics,28751.83,4871.41
202305,2002,Apparel,17047.8,6717.04
202305,2002,Home,14894.71,4881.65
202305,2002,Furniture,22497.53,6152.8
202305,2003,Electronics,22977.54,3819.84
202305,2003,Apparel,15734.88,6280.64
202305,2003,Home,13296.2,4494.84
202305,2003,Furniture,18390.32,4535.54
202305,2004,Electronics,27540.59,4817.64
202305,2004,Apparel,16203.86,7187.5
202305,2004,Home,13793.38,4438.13
202305,2004,Furniture,19527.32,4876.71
202305,2005,Electronics,28980.23,5208.32
202305,2005,Apparel,17722.56,7001.63
202305,2005,Home,14586.01,4597.61
202305,2005,Furniture,22939.0,5907.59
202305,2006,Electronics,26698.77,4790.6
202305,2006,Apparel,13718.64,5656.77
202305,2006,Home,14338.56,4405.12
202305,2006,Furniture,20380.31,4938.49
202305,2007,Electronics,23848.19,4442.04
202305,2007,Apparel,16055.15,6831.54
202305,2007,Home,13706.85,4396.25
202305,2007,Furniture,21671.53,6252.77
202305,2008,Electronics,23401.91,4552.96
202305,2008,Apparel,13901.09,5806.05
202305,2008,Home,12647.79,4001.44
202305,2008,Furniture,18152.91,4448.67
202305,2009,Electronics,26708.79,5038.06
202305,2009,Apparel,16666.58,6798.62
202305,2009,Home,13981.15,4351.95
202305,2009,Furniture,19168.55,5270.98
202305,2010,Electronics,25083.13,4462.24
202305,2010,Apparel,15200.26,6543.19
202305,2010,Home,13829.14,4482.82
202305,2010,Furniture,21315.55,5501.91
202305,2011,Electronics,26093.79,4894.84
202305,2011,Apparel,15827.46,6805.69
202305,2011,Home,13685.85,4219.36
202305,2011,Furniture,20644.82,5135.98
202305,2012,Electronics,29318.53,5405.05
202305,2012,Apparel,18685.98,8119.55
202305,2012,Home,15728.89,4894.91
202305,2012,Furniture,23416.24,6628.35
202305,2013,Electronics,30456.45,6067.13
202305,2013,Apparel,20719.91,8932.81
202305,2013,Home,16747.51,5195.24
202305,2013,Furniture,20460.98,5404.68
202305,2014,Electronics,28047.19,5310.16
202305,2014,Apparel,18090.38,7008.1
202305,2014,Home,17563.05,4940.36
202305,2014,Furniture,24520.81,6263.79
202305,2015,Electronics,26490.9,5226.58
202305,2015,Apparel,14162.72,6066.5
202305,2015,Home,13430.1,4195.51
202305,2015,Furniture,18897.81,4764.53
202305,2016,Electronics,31786.84,5828.61
202305,2016,Apparel,17523.65,6844.27
202305,2016,Home,16620.93,5239.42
202305,2016,Furniture,25782.13,6398.36
202305,2017,Electronics,29184.51,5411.42
202305,2017,Apparel,17899.02,7497.15
202305,2017,Home,17589.8,5592.25
202305,2017,Furniture,23538.27,5862.85
202305,2018,Electronics,29529.96,5247.28
202305,2018,Apparel,18087.98,7206.36
202305,2018,Home,15350.64,4927.02
202305,2018,Furniture,23347.03,6021.08
202305,2019,Electronics,22795.81,4009.28
202305,2019,Apparel,14729.44,6344.48
202305,2019,Home,14162.09,4909.01
202305,2019,Furniture,19648.67,4811.56
202305,2020,Electronics,28242.69,4727.24
202305,2020,Apparel,17658.15,7787.44
202305,2020,Home,14407.91,4234.25
202305,2020,Furniture,22209.86,5598.24
202306,2001,Electronics,29552.34,5326.81
202306,2001,Apparel,18774.01,7870.69
202306,2001,Home,16438.83,4882.91
202306,2001,Furniture,22758.98,5646.2
202306,2002,Electronics,27523.61,4924.14
202306,2002,Apparel,16719.96,7118.99
202306,2002,Home,15624.51,5015.31
202306,2002,Furniture,20902.99,5504.35
202306,2003,Electronics,26987.47,4758.72
202306,2003,Apparel,15752.54,7147.46
202306,2003,Home,14200.34,4573.21
202306,2003,Furniture,18580.03,5010.59
202306,2004,Electronics,29254.83,5678.16
202306,2004,Apparel,16781.57,6992.51
202306,2004,Home,17406.17,5578.54
202306,2004,Furniture,24475.47,6387.25
202306,2005,Electronics,32437.3,5612.64
202306,2005,Apparel,18821.8,7268.87
202306,2005,Home,17003.15,5646.55
202306,2005,Furniture,26137.76,6846.85
202306,2006,Electronics,27301.88,4836.21
202306,2006,Apparel,16291.08,6516.94
202306,2006,Home,12559.54,3958.58
202306,2006,Furniture,19927.0,5298.49
202306,2007,Electronics,25557.57,4394.18
202306,2007,Apparel,16026.43,6713.77
202306,2007,Home,15731.42,4963.29
202306,2007,Furniture,19285.39,5398.67
202306,2008,Electronics,24914.23,4374.37
202306,2008,Apparel,14904.92,6178.01
202306,2008,Home,12967.88,4091.6
202306,2008,Furniture,18443.97,4661.39
202306,2009,Electronics,27887.81,4821.6
202306,2009,Apparel,18270.4,8420.85
202306,2009,Home,13296.73,4158.18
202306,2009,Furniture,23342.18,6117.74
202306,2010,Electronics,30164.84,5145.51
202306,2010,Apparel,16144.46,6774.59
202306,2010,Home,15375.08,5025.42
202306,2010,Furniture,21043.78,5634.05
202306,2011,Electronics,28459.14,5343.4
202306,2011,Apparel,15718.6,6651.72
202306,2011,Home,13911.44,4471.26
202306,2011,Furniture,19620.09,5143.07
202306,2012,Electronics,36356.4,6509.6
202306,2012,Apparel,18568.15,7002.07
202306,2012,Home,16484.03,5364.64
202306,2012,Furniture,22110.06,5347.72
202306,2013,Electronics,31934.94,5771.24
202306,2013,Apparel,19828.0,8399.37
202306,2013,Home,17458.78,5530.76
202306,2013,Furniture,24603.1,7082.71
202306,2014,Electronics,29538.09,5500.94
202306,2014,Apparel,18370.97,7905.13
202306,2014,Home,17380.1,5502.09
202306,2014,Furniture,19064.28,5232.46
202306,2015,Electronics,25751.68,4748.5
202306,2015,Apparel,15620.23,6449.58
202306,2015,Home,13836.46,4389.32
202306,2015,Furniture,20579.83,5114.2
202306,2016,Electronics,29468.61,5261.13
202306,2016,Apparel,19518.44,7527.49
202306,2016,Home,20467.76,7164.47
202306,2016,Furniture,24638.46,6367.06
202306,2017,Electronics,32134.99,5809.67
202306,2017,Apparel,19114.58,7557.39
202306,2017,Home,18541.21,6163.33
202306,2017,Furniture,23954.03,6072.07
202306,2018,Electronics,31110.92,5819.33
202306,2018,Apparel,20283.3,8475.79
202306,2018,Home,17379.81,5583.25
202306,2018,Furniture,25601.02,6690.56
202306,2019,Electronics,24685.66,4648.98
202306,2019,Apparel,16983.6,7086.19
202306,2019,Home,13172.93,4110.02
202306,2019,Furniture,20179.17,5209.77
202306,2020,Electronics,30180.78,5576.44
202306,2020,Apparel,20742.23,8171.13
202306,2020,Home,15682.51,4916.8
202306,2020,Furniture,24795.1,6235.02
202307,2001,Electronics,28952.19,5330.33
202307,2001,Apparel,18967.63,7777.05
202307,2001,Home,15999.1,5114.74
202307,2001,Furniture,23978.83,6281.29
202307,2002,Electronics,27688.02,4737.26
202307,2002,Apparel,18413.35,7886.38
202307,2002,Home,16933.98,5652.21
202307,2002,Furniture,22084.76,6001.29
202307,2003,Electronics,26335.45,4596.63
202307,2003,Apparel,16921.76,6922.74
202307,2003,Home,13713.15,4480.66
202307,2003,Furniture,17125.06,4390.14
202307,2004,Electronics,27547.05,5192.88
202307,2004,Apparel,17869.51,7341.25
202307,2004,Home,16291.76,5067.21
202307,2004,Furniture,21489.74,5831.62
202307,2005,Electronics,29999.4,5471.92
202307,2005,Apparel,19959.83,8612.63
202307,2005,Home,15634.46,5413.04
202307,2005,Furniture,26818.11,6686.27
202307,2006,Electronics,21739.3,3977.86
202307,2006,Apparel,15357.56,6670.34
202307,2006,Home,14413.11,4343.42
202307,2006,Furniture,20111.57,5620.7
202307,2007,Electronics,25217.71,4930.15
202307,2007,Apparel,16788.65,6762.59
202307,2007,Home,15003.49,4897.17
202307,2007,Furniture,19208.12,5073.38
202307,2008,Electronics,23246.28,4439.26
202307,2008,Apparel,14831.95,6227.32
202307,2008,Home,13490.87,4183.93
202307,2008,Furniture,17639.13,4503.64
202307,2009,Electronics,25627.13,4790.49
202307,2009,Apparel,18012.12,7480.23
202307,2009,Home,15386.33,5152.69
202307,2009,Furniture,19391.02,5331.55
202307,2010,Electronics,29225.54,5723.01
202307,2010,Apparel,16598.44,6263.28
202307,2010,Home,16377.09,5364.56
202307,2010,Furniture,20747.85,5354.25
202307,2011,Electronics,29206.62,5444.34
202307,2011,Apparel,17974.7,7816.58
202307,2011,Home,17162.55,5658.92
202307,2011,Furniture,20100.36,5252.21
202307,2012,Electronics,31441.95,5403.64
202307,2012,Apparel,17486.11,6427.38
202307,2012,Home,17428.08,5716.94
202307,2012,Furniture,27409.19,6873.68
202307,2013,Electronics,28465.65,4990.39
202307,2013,Apparel,18716.65,7733.34
202307,2013,Home,14319.61,4494.38
202307,2013,Furniture,22824.36,5598.32
202307,2014,Electronics,26314.95,4873.15
202307,2014,Apparel,19030.77,8403.75
202307,2014,Home,17344.1,5875.28
202307,2014,Furniture,21493.48,5781.2
202307,2015,Electronics,27475.15,4989.55
202307,2015,Apparel,15451.06,6608.52
202307,2015,Home,14784.8,5036.29
202307,2015,Furniture,17746.36,4203.69
202307,2016,Electronics,26567.51,4908.03
202307,2016,Apparel,21022.02,8724.49
202307,2016,Home,16076.5,4995.44
202307,2016,Furniture,25599.36,6084.49
202307,2017,Electronics,33486.13,5991.67
202307,2017,Apparel,20417.06,7683.03
202307,2017,Home,19212.48,6420.19
202307,2017,Furniture,22871.28,6193.16
202307,2018,Electronics,29867.28,5250.68
202307,2018,Apparel,20820.04,9325.65
202307,2018,Home,17374.76,5317.15
202307,2018,Furniture,24267.52,6572.26
202307,2019,Electronics,23437.15,4196.51
202307,2019,Apparel,15244.48,6159.92
202307,2019,Home,12744.12,3830.78
202307,2019,Furniture,19874.66,5032.96
202307,2020,Electronics,26640.26,4446.87
202307,2020,Apparel,17500.28,7320.64
202307,2020,Home,16000.1,5459.96
202307,2020,Furniture,25777.41,6918.37
202308,2001,Electronics,26918.5,4741.47
202308,2001,Apparel,17480.03,7317.37
202308,2001,Home,14486.54,4782.45
202308,2001,Furniture,22711.25,5846.44
202308,2002,Electronics,25388.5,4625.67
202308,2002,Apparel,17278.02,7936.32
202308,2002,Home,14135.74,4397.4
202308,2002,Furniture,21295.91,5757.6
202308,2003,Electronics,25014.87,4451.1
202308,2003,Apparel,14602.75,6432.52
202308,2003,Home,12892.27,4036.11
202308,2003,Furniture,18647.98,4980.05
202308,2004,Electronics,25447.87,4658.52
202308,2004,Apparel,17813.6,7749.95
202308,2004,Home,15938.97,4847.32
202308,2004,Furniture,19220.33,5190.34
202308,2005,Electronics,28303.3,5718.75
202308,2005,Apparel,19560.81,9485.74
202308,2005,Home,14920.52,4587.81
202308,2005,Furniture,20966.7,5784.03
202308,2006,Electronics,23953.68,4185.56
202308,2006,Apparel,12847.86,5246.24
202308,2006,Home,12883.42,4267.87
202308,2006,Furniture,17968.02,4541.68
202308,2007,Electronics,25182.17,4219.66
202308,2007,Apparel,16076.81,6813.06
202308,2007,Home,13604.11,4259.4
202308,2007,Furniture,18715.82,4967.44
202308,2008,Electronics,19866.25,3824.4
202308,2008,Apparel,13562.17,5536.37
202308,2008,Home,13421.84,4167.54
202308,2008,Furniture,17847.9,4918.4
202308,2009,Electronics,26912.26,4854.67
202308,2009,Apparel,15401.8,6557.37
202308,2009,Home,13549.65,4346.19
202308,2009,Furniture,18664.38,4438.6
202308,2010,Electronics,24853.7,4273.32
202308,2010,Apparel,15469.33,6290.49
202308,2010,Home,14137.84,4317.15
202308,2010,Furniture,18142.95,4756.94
202308,2011,Electronics,22884.44,3679.02
202308,2011,Apparel,17208.12,7132.61
202308,2011,Home,13815.1,4179.55
202308,2011,Furniture,20800.35,5215.65
202308,2012,Electronics,26375.54,4480.51
202308,2012,Apparel,16456.49,7491.84
202308,2012,Home,15850.87,5209.81
202308,2012,Furniture,23954.46,5794.88
202308,2013,Electronics,28510.54,4945.55
202308,2013,Apparel,19540.0,7874.22
202308,2013,Home,16025.55,4933.93
202308,2013,Furniture,17513.78,4346.18
202308,2014,Electronics,23220.59,4206.15
202308,2014,Apparel,16392.17,6635.09
202308,2014,Home,14852.26,4934.09
202308,2014,Furniture,21307.79,5045.06
202308,2015,Electronics,21034.26,3248.16
202308,2015,Apparel,15604.37,6785.58
202308,2015,Home,13625.91,4276.29
202308,2015,Furniture,19665.61,5013.65
202308,2016,Electronics,30063.11,4746.1
202308,2016,Apparel,18430.83,7900.62
202308,2016,Home,15750.23,5676.97
202308,2016,Furniture,19599.89,4515.24
202308,2017,Electronics,30789.33,5567.86
202308,2017,Apparel,18487.84,7731.42
202308,2017,Home,15193.57,5224.68
202308,2017,Furniture,22072.55,5713.12
202308,2018,Electronics,30714.76,5856.94
202308,2018,Apparel,18590.89,7818.26
202308,2018,Home,17648.51,5459.59
202308,2018,Furniture,19814.6,5183.02
202308,2019,Electronics,23376.56,4198.89
202308,2019,Apparel,15021.74,6234.99
202308,2019,Home,12694.71,3991.88
202308,2019,Furniture,19504.72,5141.53
202308,2020,Electronics,26694.74,5074.96
202308,2020,Apparel,16049.32,6294.67
202308,2020,Home,15557.24,4859.04
202308,2020,Furniture,22677.17,5767.31
202309,2001,Electronics,24939.58,4570.71
202309,2001,Apparel,18064.44,7329.06
202309,2001,Home,14928.15,5124.87
202309,2001,Furniture,22639.57,5781.95
202309,2002,Electronics,26398.28,4790.29
202309,2002,Apparel,14010.34,5712.32
202309,2002,Home,14708.62,4533.39
202309,2002,Furniture,17493.34,4406.15
202309,2003,Electronics,19771.98,3322.56
202309,2003,Apparel,13437.97,5666.54
202309,2003,Home,12015.18,3767.57
202309,2003,Furniture,16321.36,3984.17
202309,2004,Electronics,26374.42,5250.27
202309,2004,Apparel,13774.28,5539.3
202309,2004,Home,11922.9,3906.68
202309,2004,Furniture,18969.84,4700.57
202309,2005,Electronics,26196.48,4588.08
202309,2005,Apparel,13988.4,6044.19
202309,2005,Home,14031.88,4575.04
202309,2005,Furniture,23829.81,6401.9
202309,2006,Electronics,23447.55,4008.5
202309,2006,Apparel,14668.02,5749.23
202309,2006,Home,11459.29,3505.04
202309,2006,Furniture,16221.28,4303.51
202309,2007,Electronics,20064.74,3839.13
202309,2007,Apparel,15692.41,7247.89
202309,2007,Home,12978.16,3844.77
202309,2007,Furniture,19704.14,5247.19
202309,2008,Electronics,19734.47,3449.59
202309,2008,Apparel,12842.53,5462.8
202309,2008,Home,10831.72,3536.8
202309,2008,Furniture,17264.11,4720.9
202309,2009,Electronics,21812.27,3798.68
202309,2009,Apparel,15023.78,6202.51
202309,2009,Home,13226.3,4441.48
202309,2009,Furniture,17201.91,4302.29
202309,2010,Electronics,22463.31,4237.81
202309,2010,Apparel,15391.48,7372.47
202309,2010,Home,14107.17,4420.51
202309,2010,Furniture,17529.59,4600.52
202309,2011,Electronics,24728.09,4334.44
202309,2011,Apparel,14915.1,6728.99
202309,2011,Home,13516.41,4203.05
202309,2011,Furniture,19278.93,4787.89
202309,2012,Electronics,26411.34,4763.7
202309,2012,Apparel,14374.43,5977.74
202309,2012,Home,13878.15,4294.08
202309,2012,Furniture,21197.01,5691.15
202309,2013,Electronics,30005.19,5216.69
202309,2013,Apparel,16416.03,7020.46
202309,2013,Home,13228.44,3993.1
202309,2013,Furniture,20809.5,5204.26
202309,2014,Electronics,25470.8,4557.08
202309,2014,Apparel,17160.96,7252.03
202309,2014,Home,13705.8,4402.6
202309,2014,Furniture,20490.91,5403.02
202309,2015,Electronics,22740.33,4188.03
202309,2015,Apparel,14513.86,5890.45
202309,2015,Home,11637.2,3433.9
202309,2015,Furniture,17669.43,4732.66
202309,2016,Electronics,29350.11,5428.21
202309,2016,Apparel,15607.92,6832.85
202309,2016,Home,14014.43,4393.96
202309,2016,Furniture,21995.83,5378.2
202309,2017,Electronics,29176.38,5084.99
202309,2017,Apparel,16955.07,7291.19
202309,2017,Home,14622.8,5086.72
202309,2017,Furniture,18701.94,4562.93
202309,2018,Electronics,29066.49,5029.78
202309,2018,Apparel,17657.45,6834.13
202309,2018,Home,16412.21,4765.33
202309,2018,Furniture,21716.36,5056.3
202309,2019,Electronics,21558.53,3975.44
202309,2019,Apparel,14292.25,5653.57
202309,2019,Home,10665.26,3328.73
202309,2019,Furniture,18220.99,4815.71
202309,2020,Electronics,26059.88,4894.31
202309,2020,Apparel,15726.53,6534.85
202309,2020,Home,15040.18,4824.07
202309,2020,Furniture,18629.77,4732.64
202310,2001,Electronics,29280.0,5099.93
202310,2001,Apparel,18521.47,8465.94
202310,2001,Home,16047.67,5506.36
202310,2001,Furniture,20756.38,5413.53
202310,2002,Electronics,30126.52,5041.1
202310,2002,Apparel,17063.93,7799.96
202310,2002,Home,13761.86,4216.3
202310,2002,Furniture,23066.59,5661.66
202310,2003,Electronics,26267.64,4928.86
202310,2003,Apparel,15867.3,6431.37
202310,2003,Home,12747.57,4210.75
202310,2003,Furniture,19252.94,5234.58
202310,2004,Electronics,29144.87,5284.49
202310,2004,Apparel,17620.73,7610.21
202310,2004,Home,16928.63,5423.27
202310,2004,Furniture,22672.26,5873.91
202310,2005,Electronics,29653.2,5600.17
202310,2005,Apparel,20378.56,8833.43
202310,2005,Home,16964.3,5357.35
202310,2005,Furniture,22641.43,5699.05
202310,2006,Electronics,23631.61,4251.88
202310,2006,Apparel,16118.54,7398.06
202310,2006,Home,15164.12,5380.62
202310,2006,Furniture,18433.61,4819.85
202310,2007,Electronics,27045.47,4867.92
202310,2007,Apparel,16834.67,7211.47
202310,2007,Home,14331.74,4731.55
202310,2007,Furniture,20240.77,4910.63
202310,2008,Electronics,23255.24,4256.64
202310,2008,Apparel,16737.22,6929.29
202310,2008,Home,13124.31,4557.75
202310,2008,Furniture,20077.22,5741.16
202310,2009,Electronics,29508.07,5452.39
202310,2009,Apparel,16345.62,7174.11
202310,2009,Home,15039.87,5078.73
202310,2009,Furniture,21491.25,5787.04
202310,2010,Electronics,28802.55,5171.45
202310,2010,Apparel,16207.62,6460.63
202310,2010,Home,15499.27,4446.41
202310,2010,Furniture,19816.74,4868.51
202310,2011,Electronics,28488.79,5285.63
202310,2011,Apparel,16091.86,7340.56
202310,2011,Home,15200.2,4933.47
202310,2011,Furniture,21650.16,6233.56
202310,2012,Electronics,27358.14,4936.08
202310,2012,Apparel,19230.07,7988.31
202310,2012,Home,16739.52,5514.83
202310,2012,Furniture,24535.12,6787.13
202310,2013,Electronics,32441.88,6120.81
202310,2013,Apparel,17678.98,7806.15
202310,2013,Home,17838.33,4909.27
202310,2013,Furniture,25708.91,6126.21
202310,2014,Electronics,31627.32,5804.77
202310,2014,Apparel,17479.67,7400.06
202310,2014,Home,14702.47,4797.98
202310,2014,Furniture,22780.02,5885.33
202310,2015,Electronics,26110.1,4724.44
202310,2015,Apparel,15883.35,6760.56
202310,2015,Home,14142.6,4251.29
202310,2015,Furniture,22258.0,5949.98
202310,2016,Electronics,27863.49,5035.59
202310,2016,Apparel,20375.56,7951.23
202310,2016,Home,16965.97,5138.74
202310,2016,Furniture,24226.97,6506.4
202310,2017,Electronics,30641.58,5435.79
202310,2017,Apparel,19100.82,8049.02
202310,2017,Home,18232.35,6163.24
202310,2017,Furniture,25185.63,5966.13
202310,2018,Electronics,33317.39,6128.7
202310,2018,Apparel,18371.35,8011.68
202310,2018,Home,19514.23,6637.93
202310,2018,Furniture,24352.87,6462.96
202310,2019,Electronics,26315.72,4749.98
202310,2019,Apparel,16394.61,6979.29
202310,2019,Home,14212.52,4949.86
202310,2019,Furniture,21028.25,5984.74
202310,2020,Electronics,31033.06,5457.37
202310,2020,Apparel,17687.4,7250.14
202310,2020,Home,16296.2,5112.37
202310,2020,Furniture,20127.02,5500.92
202311,2001,Electronics,32696.31,5961.48
202311,2001,Apparel,23033.03,9786.89
202311,2001,Home,21220.64,6461.81
202311,2001,Furniture,27189.09,6555.89
202311,2002,Electronics,33877.76,6188.48
202311,2002,Apparel,23055.22,9846.1
202311,2002,Home,16876.3,5276.3
202311,2002,Furniture,26260.22,6819.5
202311,2003,Electronics,28495.09,5246.22
202311,2003,Apparel,20622.91,8208.97
202311,2003,Home,16825.79,5323.71
202311,2003,Furniture,24991.17,6289.17
202311,2004,Electronics,36993.82,6676.43
202311,2004,Apparel,22260.63,8791.0
202311,2004,Home,18399.57,6094.28
202311,2004,Furniture,26950.31,6299.68
202311,2005,Electronics,42084.05,7700.0
202311,2005,Apparel,26058.45,11783.36
202311,2005,Home,22100.64,6719.37
202311,2005,Furniture,32672.44,9031.35
202311,2006,Electronics,30725.6,5182.08
202311,2006,Apparel,18979.88,7990.76
202311,2006,Home,18946.67,5809.46
202311,2006,Furniture,25819.23,6813.45
202311,2007,Electronics,36365.72,6618.94
202311,2007,Apparel,19792.92,8574.97
202311,2007,Home,17106.59,5586.8
202311,2007,Furniture,21907.77,6115.52
202311,2008,Electronics,29304.87,5585.52
202311,2008,Apparel,16345.15,6592.28
202311,2008,Home,15395.79,5225.68
202311,2008,Furniture,23151.6,6039.26
202311,2009,Electronics,32539.44,5517.91
202311,2009,Apparel,21475.95,8567.51
202311,2009,Home,19641.83,6043.48
202311,2009,Furniture,26340.8,7082.34
202311,2010,Electronics,33534.78,6243.01
202311,2010,Apparel,19021.16,8381.17
202311,2010,Home,18499.86,5673.55
202311,2010,Furniture,25559.43,6427.71
202311,2011,Electronics,31934.51,5321.58
202311,2011,Apparel,21271.69,9184.15
202311,2011,Home,18919.98,6136.38
202311,2011,Furniture,26881.91,6592.06
202311,2012,Electronics,36056.37,6476.95
202311,2012,Apparel,22534.3,9498.36
202311,2012,Home,19973.1,6661.82
202311,2012,Furniture,28731.63,7185.43
202311,2013,Electronics,39387.45,7330.2
202311,2013,Apparel,22018.77,8374.13
202311,2013,Home,19287.31,6371.11
202311,2013,Furniture,27491.87,6502.37
202311,2014,Electronics,38904.09,7438.26
202311,2014,Apparel,22996.16,9675.61
202311,2014,Home,21893.84,7157.47
202311,2014,Furniture,30773.97,8527.41
202311,2015,Electronics,31783.64,6094.4
202311,2015,Apparel,20652.01,8131.53
202311,2015,Home,17771.92,5830.26
202311,2015,Furniture,26287.23,7027.84
202311,2016,Electronics,38619.07,6633.13
202311,2016,Apparel,24510.41,10620.25
202311,2016,Home,21045.95,6156.94
202311,2016,Furniture,27695.39,7031.54
202311,2017,Electronics,37981.76,6665.91
202311,2017,Apparel,24729.35,10257.16
202311,2017,Home,23600.2,7896.36
202311,2017,Furniture,27752.49,7673.69
202311,2018,Electronics,36309.39,6280.75
202311,2018,Apparel,24853.69,10551.34
202311,2018,Home,21940.02,6885.94
202311,2018,Furniture,30695.77,7278.98
202311,2019,Electronics,30802.68,5585.68
202311,2019,Apparel,17202.12,7052.79
202311,2019,Home,17842.96,5447.35
202311,2019,Furniture,24801.08,6372.25
202311,2020,Electronics,35099.42,5990.38
202311,2020,Apparel,21906.89,9497.53
202311,2020,Home,21960.49,6598.02
202311,2020,Furniture,28123.53,7482.3
202312,2001,Electronics,40424.53,7864.61
202312,2001,Apparel,26764.57,10814.58
202312,2001,Home,25853.69,9026.11
202312,2001,Furniture,34205.92,8426.88
202312,2002,Electronics,40344.29,7973.49
202312,2002,Apparel,26235.05,10548.21
202312,2002,Home,20383.17,6426.9
202312,2002,Furniture,35668.32,8846.66
202312,2003,Electronics,37173.78,6781.03
202312,2003,Apparel,24969.42,10838.3
202312,2003,Home,18427.99,5786.32
202312,2003,Furniture,31602.16,8034.73
202312,2004,Electronics,43527.49,8190.04
202312,2004,Apparel,26748.67,11522.34
202312,2004,Home,24179.3,7647.83
202312,2004,Furniture,34890.48,8830.54
202312,2005,Electronics,45996.56,8590.76
202312,2005,Apparel,28811.16,10108.99
202312,2005,Home,23988.67,7278.6
202312,2005,Furniture,37456.49,10089.75
202312,2006,Electronics,34315.67,5816.72
202312,2006,Apparel,21787.91,8750.3
202312,2006,Home,20980.04,6574.18
202312,2006,Furniture,31235.65,8414.84
202312,2007,Electronics,40659.78,7469.38
202312,2007,Apparel,24453.79,10761.63
202312,2007,Home,18911.61,6412.41
202312,2007,Furniture,30615.4,7847.7
202312,2008,Electronics,32186.5,6009.73
202312,2008,Apparel,23715.28,9775.2
202312,2008,Home,20114.62,6862.61
202312,2008,Furniture,26889.25,6793.37
202312,2009,Electronics,40250.7,7261.92
202312,2009,Apparel,25890.56,9901.8
202312,2009,Home,24226.3,7759.69
202312,2009,Furniture,31338.19,7917.39
202312,2010,Electronics,38815.04,7262.95
202312,2010,Apparel,27324.73,11648.1
202312,2010,Home,21094.68,6763.26
202312,2010,Furniture,26886.15,6974.53
202312,2011,Electronics,39102.44,7185.28
202312,2011,Apparel,21353.62,9705.33
202312,2011,Home,21716.34,6738.9
202312,2011,Furniture,32629.47,8604.67
202312,2012,Electronics,44003.29,7836.09
202312,2012,Apparel,28397.66,11551.79
202312,2012,Home,27682.67,9020.67
202312,2012,Furniture,38255.79,9798.3
202312,2013,Electronics,46053.27,8555.13
202312,2013,Apparel,28525.65,12482.4
202312,2013,Home,26884.08,8425.01
202312,2013,Furniture,39171.26,9874.72
202312,2014,Electronics,41384.77,7677.97
202312,2014,Apparel,26858.39,10403.19
202312,2014,Home,21613.24,6458.36
202312,2014,Furniture,33932.21,8438.28
202312,2015,Electronics,39153.13,7266.21
202312,2015,Apparel,24618.08,10649.99
202312,2015,Home,19184.63,6004.59
202312,2015,Furniture,27962.49,7445.92
202312,2016,Electronics,46084.64,8726.48
202312,2016,Apparel,30333.38,12040.41
202312,2016,Home,22845.21,7319.66
202312,2016,Furniture,37414.66,9502.9
202312,2017,Electronics,46299.49,8872.68
202312,2017,Apparel,30133.34,13602.67
202312,2017,Home,24623.14,7623.24
202312,2017,Furniture,35677.48,8769.5
202312,2018,Electronics,44824.42,7922.49
202312,2018,Apparel,28977.28,12326.61
202312,2018,Home,27599.75,9676.35
202312,2018,Furniture,34399.76,8549.65
202312,2019,Electronics,37142.03,6696.94
202312,2019,Apparel,20543.77,8686.15
202312,2019,Home,19644.43,6601.87
202312,2019,Furniture,29349.32,6882.8
202312,2020,Electronics,44354.21,7711.93
202312,2020,Apparel,25783.22,10397.27
202312,2020,Home,22897.52,7255.61
202312,2020,Furniture,30677.22,7468.0
202401,2001,Electronics,18825.16,2886.78
202401,2001,Apparel,13669.63,6113.5
202401,2001,Home,11746.93,3558.71
202401,2001,Furniture,14842.05,3887.74
202401,2002,Electronics,18038.48,3394.09
202401,2002,Apparel,14527.97,5753.72
202401,2002,Home,10046.03,3074.58
202401,2002,Furniture,13174.12,3089.14
202401,2003,Electronics,16480.98,2941.75
202401,2003,Apparel,10711.88,4818.69
202401,2003,Home,10226.55,3565.36
202401,2003,Furniture,13011.46,3345.18
202401,2004,Electronics,18573.17,3304.32
202401,2004,Apparel,11895.19,5036.51
202401,2004,Home,11053.47,3155.19
202401,2004,Furniture,15530.99,4380.95
202401,2005,Electronics,20941.56,3739.33
202401,2005,Apparel,13659.5,5504.02
202401,2005,Home,11656.86,3700.19
202401,2005,Furniture,17250.61,4210.96
202401,2006,Electronics,15778.87,2773.41
202401,2006,Apparel,10682.58,4831.37
202401,2006,Home,9493.88,3007.9
202401,2006,Furniture,12234.71,3294.96
202401,2007,Electronics,18432.68,3267.02
202401,2007,Apparel,11556.33,4674.87
202401,2007,Home,9329.37,3206.92
202401,2007,Furniture,14150.75,3645.68
202401,2008,Electronics,16366.42,3166.76
202401,2008,Apparel,10362.54,4389.86
202401,2008,Home,9289.1,2984.01
202401,2008,Furniture,13947.82,3923.56
202401,2009,Electronics,18834.99,3310.97
202401,2009,Apparel,11059.45,4507.43
202401,2009,Home,10126.89,3227.05
202401,2009,Furniture,14621.89,3864.11
202401,2010,Electronics,17819.28,3262.86
202401,2010,Apparel,11340.39,4332.97
202401,2010,Home,9311.91,3046.64
202401,2010,Furniture,13726.59,3693.87
202401,2011,Electronics,20746.43,3747.9
202401,2011,Apparel,11899.65,4992.15
202401,2011,Home,9441.62,3010.04
202401,2011,Furniture,13671.6,3474.95
202401,2012,Electronics,21710.42,3722.53
202401,2012,Apparel,11564.89,4806.43
202401,2012,Home,12066.05,3876.52
202401,2012,Furniture,17251.41,4271.57
202401,2013,Electronics,20115.68,3576.24
202401,2013,Apparel,12289.63,4743.4
202401,2013,Home,11487.43,3713.18
202401,2013,Furniture,16586.91,4054.99
202401,2014,Electronics,18285.49,3467.27
202401,2014,Apparel,13863.97,5862.69
202401,2014,Home,11019.41,3411.67
202401,2014,Furniture,15670.45,4110.51
202401,2015,Electronics,18699.4,3329.91
202401,2015,Apparel,11389.13,4662.92
202401,2015,Home,9437.53,2958.37
202401,2015,Furniture,12983.64,3523.34
202401,2016,Electronics,22448.46,4050.22
202401,2016,Apparel,13823.87,5720.28
202401,2016,Home,10351.01,3078.14
202401,2016,Furniture,15931.38,3979.03
202401,2017,Electronics,21130.72,3588.43
202401,2017,Apparel,13457.46,6029.64
202401,2017,Home,12358.47,3743.33
202401,2017,Furniture,16500.06,4647.2
202401,2018,Electronics,19135.24,3593.79
202401,2018,Apparel,12656.74,5159.58
202401,2018,Home,10795.54,3328.95
202401,2018,Furniture,16366.4,4037.2
202401,2019,Electronics,16072.46,2700.61
202401,2019,Apparel,11154.13,4805.73
202401,2019,Home,9612.25,3091.51
202401,2019,Furniture,14135.44,3700.21
202401,2020,Electronics,19338.3,3495.95
202401,2020,Apparel,11270.59,4825.05
202401,2020,Home,10826.84,3363.72
202401,2020,Furniture,15917.24,4054.92
202402,2001,Electronics,22418.58,4011.41
202402,2001,Apparel,14089.3,6468.31
202402,2001,Home,10952.83,3936.9
202402,2001,Furniture,16513.2,4375.15
202402,2002,Electronics,22309.96,4062.39
202402,2002,Apparel,11667.33,4886.27
202402,2002,Home,12236.41,3771.73
202402,2002,Furniture,16059.98,4324.69
202402,2003,Electronics,18149.65,3281.75
202402,2003,Apparel,11703.75,4673.83
202402,2003,Home,10441.27,3285.95
202402,2003,Furniture,13844.6,3672.64
202402,2004,Electronics,21152.89,3515.75
202402,2004,Apparel,13624.65,5446.05
202402,2004,Home,11853.75,3789.91
202402,2004,Furniture,15310.68,3930.45
202402,2005,Electronics,23445.34,4528.59
202402,2005,Apparel,14585.48,6234.95
202402,2005,Home,11267.18,3820.54
202402,2005,Furniture,16152.63,4080.56
202402,2006,Electronics,18418.44,3267.88
202402,2006,Apparel,11495.16,4953.93
202402,2006,Home,9918.99,3041.72
202402,2006,Furniture,13982.24,3486.75
202402,2007,Electronics,19383.14,3184.36
202402,2007,Apparel,11787.25,5070.7
202402,2007,Home,12468.6,3951.25
202402,2007,Furniture,12582.1,3387.04
202402,2008,Electronics,20826.53,3542.22
202402,2008,Apparel,11146.17,4902.8
202402,2008,Home,10687.01,3253.96
202402,2008,Furniture,13166.48,3308.02
202402,2009,Electronics,21302.43,3781.18
202402,2009,Apparel,12784.64,5431.98
202402,2009,Home,10327.69,3346.43
202402,2009,Furniture,16243.13,4189.59
202402,2010,Electronics,21633.09,3951.42
202402,2010,Apparel,12865.99,5393.91
202402,2010,Home,10850.39,3061.73
202402,2010,Furniture,16079.88,4444.98
202402,2011,Electronics,19407.93,3158.89
202402,2011,Apparel,11582.05,4540.51
202402,2011,Home,10589.57,3262.92
202402,2011,Furniture,15456.16,3978.29
202402,2012,Electronics,22128.02,3727.7
202402,2012,Apparel,14052.43,5706.95
202402,2012,Home,12802.37,4113.59
202402,2012,Furniture,15208.58,4122.99
202402,2013,Electronics,22109.48,4175.48
202402,2013,Apparel,14756.81,6339.65
202402,2013,Home,12281.13,3682.55
202402,2013,Furniture,17090.07,4407.64
202402,2014,Electronics,20557.88,3827.71
202402,2014,Apparel,12290.14,5101.56
202402,2014,Home,11433.45,3914.9
202402,2014,Furniture,15344.22,4060.1
202402,2015,Electronics,20388.54,3416.53
202402,2015,Apparel,12839.22,5659.3
202402,2015,Home,10541.54,3470.07
202402,2015,Furniture,14185.57,3450.62
202402,2016,Electronics,22927.66,4344.37
202402,2016,Apparel,15115.13,6886.19
202402,2016,Home,12506.49,4144.48
202402,2016,Furniture,20478.26,4990.05
202402,2017,Electronics,22282.35,4565.04
202402,2017,Apparel,14988.57,6745.04
202402,2017,Home,11710.24,3600.3
202402,2017,Furniture,19327.97,5315.35
202402,2018,Electronics,24119.67,4199.37
202402,2018,Apparel,15272.58,6158.88
202402,2018,Home,12495.27,3836.48
202402,2018,Furniture,17082.47,4335.1
202402,2019,Electronics,18668.01,3256.33
202402,2019,Apparel,10586.83,4763.52
202402,2019,Home,9292.76,3017.23
202402,2019,Furniture,14726.45,3789.17
202402,2020,Electronics,20774.82,3743.74
202402,2020,Apparel,12350.79,5412.45
202402,2020,Home,10762.54,3293.99
202402,2020,Furniture,16462.41,4498.87
202403,2001,Electronics,24508.29,4292.45
202403,2001,Apparel,14252.64,5783.57
202403,2001,Home,14549.06,5150.88
202403,2001,Furniture,18637.16,4907.57
202403,2002,Electronics,23144.0,4400.46
202403,2002,Apparel,16168.07,7144.61
202403,2002,Home,13492.47,3698.84
202403,2002,Furniture,19152.17,4679.15
202403,2003,Electronics,19959.27,3743.26
202403,2003,Apparel,13105.02,5721.53
202403,2003,Home,11824.74,3626.57
202403,2003,Furniture,13290.77,3181.84
202403,2004,Electronics,24100.54,4253.49
202403,2004,Apparel,16107.26,7191.42
202403,2004,Home,13381.0,4096.74
202403,2004,Furniture,18678.31,4835.09
202403,2005,Electronics,26635.78,4923.99
202403,2005,Apparel,15590.09,6851.46
202403,2005,Home,14244.13,4097.56
202403,2005,Furniture,21735.64,5942.09
202403,2006,Electronics,19957.65,3726.62
202403,2006,Apparel,13059.09,5302.81
202403,2006,Home,12423.23,3938.41
202403,2006,Furniture,15328.77,3954.6
202403,2007,Electronics,22045.18,3837.37
202403,2007,Apparel,15003.93,6115.65
202403,2007,Home,11780.27,3779.95
202403,2007,Furniture,17147.21,4318.48
202403,2008,Electronics,18060.57,3131.42
202403,2008,Apparel,12625.84,4877.31
202403,2008,Home,11841.03,3711.79
202403,2008,Furniture,15707.45,4204.82
202403,2009,Electronics,20321.45,3876.39
202403,2009,Apparel,13289.51,5406.82
202403,2009,Home,12672.66,4127.48
202403,2009,Furniture,16767.81,4175.85
202403,2010,Electronics,23439.4,4379.17
202403,2010,Apparel,13585.22,5881.61
202403,2010,Home,12399.46,4265.46
202403,2010,Furniture,15374.9,4448.14
202403,2011,Electronics,22644.8,4012.97
202403,2011,Apparel,14667.13,6015.95
202403,2011,Home,11746.44,3890.96
202403,2011,Furniture,17639.59,4320.53
202403,2012,Electronics,24030.56,4434.72
202403,2012,Apparel,15749.68,7015.79
202403,2012,Home,13816.09,4185.59
202403,2012,Furniture,16698.96,4357.48
202403,2013,Electronics,24235.69,4691.24
202403,2013,Apparel,14562.92,6352.87
202403,2013,Home,13258.15,4192.98
202403,2013,Furniture,20120.1,5355.57
202403,2014,Electronics,26228.09,4608.27
202403,2014,Apparel,13509.43,5687.24
202403,2014,Home,12263.23,3724.26
202403,2014,Furniture,18783.45,4637.77
202403,2015,Electronics,21137.67,3966.55
202403,2015,Apparel,13936.3,5752.57
202403,2015,Home,11496.41,3701.94
202403,2015,Furniture,15907.92,4336.71
202403,2016,Electronics,25982.13,4452.66
202403,2016,Apparel,17184.8,7267.63
202403,2016,Home,13339.09,3867.02
202403,2016,Furniture,19179.78,5168.62
202403,2017,Electronics,24734.39,4364.83
202403,2017,Apparel,16194.13,6436.65
202403,2017,Home,14480.13,4552.26
202403,2017,Furniture,21173.68,5011.81
202403,2018,Electronics,23357.57,4459.02
202403,2018,Apparel,15559.77,6070.64
202403,2018,Home,14151.01,4525.43
202403,2018,Furniture,19939.12,4836.29
202403,2019,Electronics,20185.73,3652.64
202403,2019,Apparel,12336.74,4993.35
202403,2019,Home,11290.34,3860.82
202403,2019,Furniture,18068.21,4518.4
202403,2020,Electronics,23355.94,3978.42
202403,2020,Apparel,15149.51,6021.18
202403,2020,Home,12746.24,4150.39
202403,2020,Furniture,18736.4,5275.68
202404,2001,Electronics,29317.91,5374.58
202404,2001,Apparel,16744.52,7142.48
202404,2001,Home,15184.08,5039.27
202404,2001,Furniture,20262.17,5139.54
202404,2002,Electronics,24454.08,4420.83
202404,2002,Apparel,17015.71,7246.74
202404,2002,Home,15728.33,5294.26
202404,2002,Furniture,21185.85,5364.68
202404,2003,Electronics,23005.95,4147.5
202404,2003,Apparel,14638.78,6468.76
202404,2003,Home,13459.17,4311.86
202404,2003,Furniture,17531.74,4252.14
202404,2004,Electronics,26381.37,4504.4
202404,2004,Apparel,15128.27,5913.07
202404,2004,Home,13819.64,4334.8
202404,2004,Furniture,22080.14,5950.54
202404,2005,Electronics,27432.55,4831.13
202404,2005,Apparel,18224.74,6914.52
202404,2005,Home,15498.49,5080.34
202404,2005,Furniture,23022.88,5715.47
202404,2006,Electronics,24742.94,4342.0
202404,2006,Apparel,13915.73,5623.82
202404,2006,Home,12347.93,4183.62
202404,2006,Furniture,17498.76,4556.3
202404,2007,Electronics,23089.54,4382.64
202404,2007,Apparel,14241.46,6066.87
202404,2007,Home,12853.71,4327.31
202404,2007,Furniture,16933.8,4308.23
202404,2008,Electronics,22508.34,4339.12
202404,2008,Apparel,13281.14,6014.38
202404,2008,Home,11531.19,3693.49
202404,2008,Furniture,15604.77,4329.46
202404,2009,Electronics,23689.13,4083.34
202404,2009,Apparel,15984.67,6834.84
202404,2009,Home,12985.52,3799.37
202404,2009,Furniture,19112.76,5048.09
202404,2010,Electronics,25683.19,4849.74
202404,2010,Apparel,16708.02,7037.9
202404,2010,Home,13976.3,4651.43
202404,2010,Furniture,21178.38,5174.35
202404,2011,Electronics,23986.92,4510.64
202404,2011,Apparel,17187.3,6720.34
202404,2011,Home,13042.34,4119.92
202404,2011,Furniture,20164.05,5840.5
202404,2012,Electronics,27028.5,4665.69
202404,2012,Apparel,16135.04,7045.3
202404,2012,Home,13997.04,4096.2
202404,2012,Furniture,21104.59,5553.35
202404,2013,Electronics,28220.06,5313.27
202404,2013,Apparel,17673.05,7343.23
202404,2013,Home,14999.38,5268.78
202404,2013,Furniture,21458.89,5190.32
202404,2014,Electronics,25399.27,4104.62
202404,2014,Apparel,16706.3,7009.17
202404,2014,Home,13405.56,4259.13
202404,2014,Furniture,18891.71,4534.15
202404,2015,Electronics,23268.13,4318.7
202404,2015,Apparel,15852.32,6783.77
202404,2015,Home,13048.07,3970.21
202404,2015,Furniture,20213.16,4787.63
202404,2016,Electronics,31110.44,5899.22
202404,2016,Apparel,17300.2,7309.99
202404,2016,Home,16858.8,5256.38
202404,2016,Furniture,21329.58,5919.43
202404,2017,Electronics,28388.74,5233.45
202404,2017,Apparel,18925.47,8219.73
202404,2017,Home,16585.11,5281.23
202404,2017,Furniture,22037.03,5646.58
202404,2018,Electronics,26597.53,5028.05
202404,2018,Apparel,17293.25,7134.39
202404,2018,Home,16039.36,5119.27
202404,2018,Furniture,20132.94,4882.07
202404,2019,Electronics,21957.36,3494.33
202404,2019,Apparel,14490.8,5629.32
202404,2019,Home,13147.23,3799.66
202404,2019,Furniture,17949.3,4838.13
202404,2020,Electronics,25176.12,4495.98
202404,2020,Apparel,15808.48,6418.01
202404,2020,Home,15149.93,4962.16
202404,2020,Furniture,22130.91,5621.94
202405,2001,Electronics,31008.82,5882.56
202405,2001,Apparel,16945.91,7043.44
202405,2001,Home,16571.04,4943.04
202405,2001,Furniture,22210.21,5905.42
202405,2002,Electronics,26532.74,4760.89
202405,2002,Apparel,17778.15,7751.54
202405,2002,Home,15073.27,5013.32
202405,2002,Furniture,23559.03,6969.69
202405,2003,Electronics,21942.7,4276.59
202405,2003,Apparel,13550.13,5714.34
202405,2003,Home,13461.46,4471.27
202405,2003,Furniture,19114.79,4548.69
202405,2004,Electronics,25512.86,4969.23
202405,2004,Apparel,17829.78,7148.03
202405,2004,Home,14480.36,4362.51
202405,2004,Furniture,21131.8,4972.4
202405,2005,Electronics,30767.22,5585.27
202405,2005,Apparel,19013.77,7787.19
202405,2005,Home,18138.51,6137.11
202405,2005,Furniture,22474.95,5756.04
202405,2006,Electronics,22732.98,4087.08
202405,2006,Apparel,14855.43,6304.0
202405,2006,Home,13859.18,4538.8
202405,2006,Furniture,17956.11,4483.23
202405,2007,Electronics,23343.72,4579.99
202405,2007,Apparel,15426.29,6214.98
202405,2007,Home,15224.2,4736.86
202405,2007,Furniture,18686.63,5371.08
202405,2008,Electronics,21841.9,3638.78
202405,2008,Apparel,14670.09,6095.65
202405,2008,Home,13821.95,4592.74
202405,2008,Furniture,17571.37,4555.47
202405,2009,Electronics,27986.16,5190.97
202405,2009,Apparel,15934.1,6392.24
202405,2009,Home,15241.75,4712.14
202405,2009,Furniture,19511.63,4789.91
202405,2010,Electronics,25301.83,4606.01
202405,2010,Apparel,15822.17,6588.97
202405,2010,Home,15233.81,4453.73
202405,2010,Furniture,19611.31,5322.6
202405,2011,Electronics,25496.27,4787.11
202405,2011,Apparel,17328.7,7574.21
202405,2011,Home,12447.92,4096.42
202405,2011,Furniture,20924.63,5396.98
202405,2012,Electronics,30163.39,5761.69
202405,2012,Apparel,17940.43,7476.4
202405,2012,Home,16375.97,5857.48
202405,2012,Furniture,24775.54,6772.58
202405,2013,Electronics,31177.41,5429.54
202405,2013,Apparel,18707.11,7966.8
202405,2013,Home,16036.0,4873.57
202405,2013,Furniture,20754.78,5693.13
202405,2014,Electronics,29287.07,6011.05
202405,2014,Apparel,17268.46,7310.4
202405,2014,Home,15057.09,4559.43
202405,2014,Furniture,21769.42,5969.16
202405,2015,Electronics,26636.41,5224.51
202405,2015,Apparel,15311.39,6559.73
202405,2015,Home,13873.76,4217.51
202405,2015,Furniture,18824.77,4721.11
202405,2016,Electronics,28449.74,5189.37
202405,2016,Apparel,18842.18,7978.38
202405,2016,Home,17209.67,5764.36
202405,2016,Furniture,23467.57,6268.54
202405,2017,Electronics,33707.17,5929.13
202405,2017,Apparel,18385.36,7906.69
202405,2017,Home,15535.24,5033.33
202405,2017,Furniture,23753.99,6044.99
202405,2018,Electronics,33100.44,5863.9
202405,2018,Apparel,17810.06,7323.77
202405,2018,Home,17245.63,5108.34
202405,2018,Furniture,22924.43,6302.37
202405,2019,Electronics,23308.68,3906.08
202405,2019,Apparel,15803.16,6302.13
202405,2019,Home,15146.29,4430.45
202405,2019,Furniture,18064.95,4593.92
202405,2020,Electronics,30356.15,5697.01
202405,2020,Apparel,17650.36,7674.86
202405,2020,Home,14630.79,4477.54
202405,2020,Furniture,18127.18,4176.67
202406,2001,Electronics,29519.33,5541.07
202406,2001,Apparel,18188.39,7519.98
202406,2001,Home,15641.24,5303.76
202406,2001,Furniture,22424.92,5384.44
202406,2002,Electronics,30926.11,5401.11
202406,2002,Apparel,17172.73,6543.85
202406,2002,Home,15156.26,4918.1
202406,2002,Furniture,20497.88,5165.21
202406,2003,Electronics,26953.25,4700.99
202406,2003,Apparel,15426.67,6649.88
202406,2003,Home,14664.75,4546.58
202406,2003,Furniture,20946.54,5679.49
202406,2004,Electronics,30036.71,4870.11
202406,2004,Apparel,17719.48,7343.75
202406,2004,Home,14748.92,4571.37
202406,2004,Furniture,23159.4,6028.66
202406,2005,Electronics,31575.07,5705.4
202406,2005,Apparel,18379.27,7534.56
202406,2005,Home,18627.33,6107.51
202406,2005,Furniture,23150.72,5858.09
202406,2006,Electronics,23561.21,4303.39
202406,2006,Apparel,15917.27,6308.53
202406,2006,Home,15056.07,5237.86
202406,2006,Furniture,20361.98,4635.91
202406,2007,Electronics,28893.31,5123.82
202406,2007,Apparel,16608.02,7595.99
202406,2007,Home,14971.27,4886.59
202406,2007,Furniture,20051.84,4778.73
202406,2008,Electronics,24596.02,4796.83
202406,2008,Apparel,14982.53,5692.6
202406,2008,Home,12501.42,4149.3
202406,2008,Furniture,18300.9,4544.13
202406,2009,Electronics,29033.62,5308.04
202406,2009,Apparel,16943.97,7192.57
202406,2009,Home,14604.94,5068.7
202406,2009,Furniture,20269.81,5487.19
202406,2010,Electronics,29076.4,4849.45
202406,2010,Apparel,17703.68,7108.92
202406,2010,Home,14740.72,5091.79
202406,2010,Furniture,21457.22,5787.62
202406,2011,Electronics,26654.09,4866.24
202406,2011,Apparel,15567.64,7112.58
202406,2011,Home,14868.17,4843.96
202406,2011,Furniture,19478.97,5018.54
202406,2012,Electronics,33494.8,6181.46
202406,2012,Apparel,19555.49,8532.11
202406,2012,Home,17530.44,5753.22
202406,2012,Furniture,24028.9,6138.72
202406,2013,Electronics,27648.01,4736.4
202406,2013,Apparel,20730.11,8973.75
202406,2013,Home,16794.37,5393.87
202406,2013,Furniture,23590.71,6292.51
202406,2014,Electronics,28811.39,4931.16
202406,2014,Apparel,20178.4,9124.46
202406,2014,Home,16415.12,4817.37
202406,2014,Furniture,22747.09,5625.01
202406,2015,Electronics,26273.58,4551.09
202406,2015,Apparel,16642.25,7363.17
202406,2015,Home,12748.63,4184.44
202406,2015,Furniture,21356.09,5163.98
202406,2016,Electronics,30858.6,5839.23
202406,2016,Apparel,17594.16,6890.25
202406,2016,Home,15506.18,5154.72
202406,2016,Furniture,21880.0,5527.29
202406,2017,Electronics,28690.48,5058.3
202406,2017,Apparel,18829.63,7906.27
202406,2017,Home,18870.53,6064.81
202406,2017,Furniture,26162.91,6945.06
202406,2018,Electronics,30896.93,5400.41
202406,2018,Apparel,21181.22,9146.73
202406,2018,Home,16620.66,5499.82
202406,2018,Furniture,24832.58,6995.66
202406,2019,Electronics,25309.72,4249.99
202406,2019,Apparel,15504.76,5983.36
202406,2019,Home,14493.25,4967.23
202406,2019,Furniture,18526.33,5312.95
202406,2020,Electronics,26875.75,4650.77
202406,2020,Apparel,18328.06,7157.82
202406,2020,Home,15557.09,5098.85
202406,2020,Furniture,20508.52,4928.5
202407,2001,Electronics,27372.98,5068.52
202407,2001,Apparel,17960.88,7387.77
202407,2001,Home,17312.17,5518.28
202407,2001,Furniture,21619.67,5814.2
202407,2002,Electronics,30778.61,5344.89
202407,2002,Apparel,17056.18,7178.32
202407,2002,Home,14497.27,4845.08
202407,2002,Furniture,20560.01,5245.88
202407,2003,Electronics,24971.91,4069.12
202407,2003,Apparel,16492.77,6679.63
202407,2003,Home,14340.95,4268.18
202407,2003,Furniture,20478.13,5250.02
202407,2004,Electronics,30113.34,5483.51
202407,2004,Apparel,19617.37,7860.79
202407,2004,Home,16112.73,5333.23
202407,2004,Furniture,21258.38,5379.06
202407,2005,Electronics,32509.58,6008.71
202407,2005,Apparel,21237.6,8727.22
202407,2005,Home,16859.94,5644.09
202407,2005,Furniture,25516.62,5590.1
202407,2006,Electronics,26838.53,4867.41
202407,2006,Apparel,15222.64,6584.63
202407,2006,Home,13703.88,4351.35
202407,2006,Furniture,19329.09,5035.75
202407,2007,Electronics,25805.68,4643.03
202407,2007,Apparel,16562.52,6771.09
202407,2007,Home,13259.1,4454.76
202407,2007,Furniture,19743.49,5271.13
202407,2008,Electronics,22197.43,4042.38
202407,2008,Apparel,14604.88,6099.02
202407,2008,Home,13479.64,4490.3
202407,2008,Furniture,19834.09,5531.72
202407,2009,Electronics,29525.04,5261.69
202407,2009,Apparel,18444.82,7975.32
202407,2009,Home,16604.6,5409.53
202407,2009,Furniture,21490.65,5252.06
202407,2010,Electronics,26260.13,4952.94
202407,2010,Apparel,16960.43,8036.02
202407,2010,Home,15135.11,4871.49
202407,2010,Furniture,20597.01,5330.6
202407,2011,Electronics,26171.87,4742.44
202407,2011,Apparel,14708.88,6704.55
202407,2011,Home,16249.95,5370.79
202407,2011,Furniture,19047.57,5151.46
202407,2012,Electronics,30995.01,5595.99
202407,2012,Apparel,19240.01,7940.6
202407,2012,Home,18280.58,5974.51
202407,2012,Furniture,22424.83,5250.31
202407,2013,Electronics,32094.39,5309.02
202407,2013,Apparel,19952.37,8201.56
202407,2013,Home,17481.25,5500.07
202407,2013,Furniture,23059.75,5733.05
202407,2014,Electronics,30670.86,5790.23
202407,2014,Apparel,19965.52,9394.83
202407,2014,Home,16222.49,4909.34
202407,2014,Furniture,23121.97,6033.6
202407,2015,Electronics,25118.63,4020.64
202407,2015,Apparel,16602.7,7423.24
202407,2015,Home,11364.87,3574.88
202407,2015,Furniture,22522.22,6219.38
202407,2016,Electronics,29986.96,5404.36
202407,2016,Apparel,19656.88,8231.25
202407,2016,Home,17647.87,5398.36
202407,2016,Furniture,23219.72,6090.15
202407,2017,Electronics,26730.47,5013.87
202407,2017,Apparel,19990.73,8968.12
202407,2017,Home,18933.42,6206.76
202407,2017,Furniture,22467.62,5722.31
202407,2018,Electronics,31239.76,5620.61
202407,2018,Apparel,20453.52,8806.83
202407,2018,Home,16466.41,4974.27
202407,2018,Furniture,22816.27,5705.13
202407,2019,Electronics,25424.61,4427.65
202407,2019,Apparel,15554.28,6546.96
202407,2019,Home,15888.87,5324.44
202407,2019,Furniture,19598.51,5269.72
202407,2020,Electronics,32082.88,5881.82
202407,2020,Apparel,18680.37,7828.8
202407,2020,Home,16764.86,5344.57
202407,2020,Furniture,22860.91,6618.69
202408,2001,Electronics,26075.46,4835.89
202408,2001,Apparel,16375.06,6593.68
202408,2001,Home,15278.49,4737.57
202408,2001,Furniture,20110.37,4966.72
202408,2002,Electronics,24970.81,4520.61
202408,2002,Apparel,16005.74,7349.51
202408,2002,Home,15659.04,4679.7
202408,2002,Furniture,20341.81,4999.15
202408,2003,Electronics,20355.72,3809.93
202408,2003,Apparel,14822.31,5766.86
202408,2003,Home,11977.11,3835.25
202408,2003,Furniture,16958.71,4344.29
202408,2004,Electronics,27884.01,4955.06
202408,2004,Apparel,17874.74,7371.7
202408,2004,Home,14278.02,4738.57
202408,2004,Furniture,21560.56,5931.06
202408,2005,Electronics,28626.0,5471.19
202408,2005,Apparel,18595.62,7846.82
202408,2005,Home,16098.04,5337.92
202408,2005,Furniture,22675.08,5600.77
202408,2006,Electronics,21932.29,3687.13
202408,2006,Apparel,14069.08,6296.86
202408,2006,Home,13631.11,4504.71
202408,2006,Furniture,17000.37,4397.84
202408,2007,Electronics,24104.94,4453.28
202408,2007,Apparel,14572.53,6507.41
202408,2007,Home,12796.04,4270.69
202408,2007,Furniture,19890.5,5277.04
202408,2008,Electronics,21831.03,4125.51
202408,2008,Apparel,14207.22,5812.5
202408,2008,Home,12581.43,4189.94
202408,2008,Furniture,18711.35,4754.1
202408,2009,Electronics,25426.97,4790.4
202408,2009,Apparel,15782.91,6733.78
202408,2009,Home,12151.18,4069.37
202408,2009,Furniture,19504.28,5392.72
202408,2010,Electronics,24613.51,4444.6
202408,2010,Apparel,16905.14,7734.29
202408,2010,Home,13792.67,4389.42
202408,2010,Furniture,18546.72,4533.2
202408,2011,Electronics,24760.89,4542.83
202408,2011,Apparel,16148.42,6281.6
202408,2011,Home,13167.55,4438.23
202408,2011,Furniture,18305.05,4780.67
202408,2012,Electronics,26584.17,4930.49
202408,2012,Apparel,15546.39,6784.53
202408,2012,Home,15266.93,4944.23
202408,2012,Furniture,23683.04,5790.73
202408,2013,Electronics,30198.46,5114.47
202408,2013,Apparel,18815.97,7999.22
202408,2013,Home,16295.36,5124.79
202408,2013,Furniture,21694.36,5706.46
202408,2014,Electronics,28234.96,4852.8
202408,2014,Apparel,17785.64,7472.34
202408,2014,Home,14618.51,4339.23
202408,2014,Furniture,20868.59,5033.48
202408,2015,Electronics,24579.12,4399.17
202408,2015,Apparel,15401.78,6836.58
202408,2015,Home,13895.12,4816.9
202408,2015,Furniture,20273.05,5158.81
202408,2016,Electronics,28197.12,5305.88
202408,2016,Apparel,16774.49,6286.7
202408,2016,Home,15314.48,5028.99
202408,2016,Furniture,19538.23,5410.73
202408,2017,Electronics,29661.73,5102.29
202408,2017,Apparel,19326.38,7845.62
202408,2017,Home,14314.88,4810.98
202408,2017,Furniture,20536.41,5680.14
202408,2018,Electronics,30341.44,5731.32
202408,2018,Apparel,15651.9,6797.41
202408,2018,Home,15791.42,4765.67
202408,2018,Furniture,19176.5,5485.29
202408,2019,Electronics,23095.49,4044.42
202408,2019,Apparel,15236.9,5950.55
202408,2019,Home,11643.2,3464.48
202408,2019,Furniture,17391.9,4496.51
202408,2020,Electronics,27473.79,5090.01
202408,2020,Apparel,15517.45,6308.33
202408,2020,Home,16559.19,4892.24
202408,2020,Furniture,19129.16,5211.57
202409,2001,Electronics,24706.92,4560.82
202409,2001,Apparel,16185.16,7018.14
202409,2001,Home,13550.64,4079.57
202409,2001,Furniture,20057.88,4977.62
202409,2002,Electronics,23599.42,4350.44
202409,2002,Apparel,16759.68,7395.92
202409,2002,Home,14131.01,4210.37
202409,2002,Furniture,17229.56,4362.31
202409,2003,Electronics,20586.54,3560.6
202409,2003,Apparel,12868.89,5409.76
202409,2003,Home,12675.15,4162.7
202409,2003,Furniture,14570.65,3859.65
202409,2004,Electronics,26329.6,4995.33
202409,2004,Apparel,17183.93,7402.18
202409,2004,Home,12256.11,3799.49
202409,2004,Furniture,19985.02,5036.67
202409,2005,Electronics,25140.3,4687.04
202409,2005,Apparel,18759.74,8056.05
202409,2005,Home,13377.46,4220.61
202409,2005,Furniture,21574.48,6046.54
202409,2006,Electronics,21120.86,3860.05
202409,2006,Apparel,13975.58,5763.32
202409,2006,Home,11227.18,3777.64
202409,2006,Furniture,16164.55,4198.2
202409,2007,Electronics,23249.29,3946.45
202409,2007,Apparel,14055.02,5811.45
202409,2007,Home,12168.94,3701.74
202409,2007,Furniture,19004.15,4798.12
202409,2008,Electronics,20361.46,3870.27
202409,2008,Apparel,12549.57,5133.48
202409,2008,Home,12016.85,3688.04
202409,2008,Furniture,14679.88,3848.75
202409,2009,Electronics,23531.68,4323.98
202409,2009,Apparel,16103.22,6845.91
202409,2009,Home,11818.19,3864.73
202409,2009,Furniture,18154.98,4433.64
202409,2010,Electronics,21277.47,3947.71
202409,2010,Apparel,17511.49,7209.64
202409,2010,Home,12593.42,4344.99
202409,2010,Furniture,18712.83,4927.02
202409,2011,Electronics,26525.54,4802.69
202409,2011,Apparel,14216.04,5813.65
202409,2011,Home,12499.05,4137.33
202409,2011,Furniture,19103.33,4757.13
202409,2012,Electronics,25969.91,4367.46
202409,2012,Apparel,16688.86,7258.32
202409,2012,Home,14864.24,4517.4
202409,2012,Furniture,21781.23,5751.89
202409,2013,Electronics,26000.58,4631.14
202409,2013,Apparel,16272.47,6792.44
202409,2013,Home,14344.59,4697.59
202409,2013,Furniture,18539.22,4887.77
202409,2014,Electronics,25000.2,4554.26
202409,2014,Apparel,16552.19,6652.51
202409,2014,Home,15107.09,5002.32
202409,2014,Furniture,21424.31,5488.92
202409,2015,Electronics,25059.61,4510.95
202409,2015,Apparel,16207.75,7462.45
202409,2015,Home,12511.87,3821.41
202409,2015,Furniture,18510.82,4896.02
202409,2016,Electronics,26829.27,5197.66
202409,2016,Apparel,16172.36,6848.76
202409,2016,Home,14795.17,4447.03
202409,2016,Furniture,19066.74,4904.44
202409,2017,Electronics,26026.27,4653.72
202409,2017,Apparel,17034.31,7276.2
202409,2017,Home,14805.93,4896.71
202409,2017,Furniture,21670.27,5633.69
202409,2018,Electronics,29253.2,5559.6
202409,2018,Apparel,18089.36,7794.2
202409,2018,Home,16060.29,5459.57
202409,2018,Furniture,20679.66,5378.82
202409,2019,Electronics,20322.1,3758.08
202409,2019,Apparel,12651.97,4978.31
202409,2019,Home,12109.82,3725.48
202409,2019,Furniture,18146.24,4744.0
202409,2020,Electronics,26333.83,4612.62
202409,2020,Apparel,15850.74,7176.35
202409,2020,Home,14737.44,4772.36
202409,2020,Furniture,19876.96,4625.61
202410,2001,Electronics,28842.87,5370.38
202410,2001,Apparel,18404.26,7546.48
202410,2001,Home,16106.26,4770.37
202410,2001,Furniture,23382.61,5924.3
202410,2002,Electronics,27180.21,5070.94
202410,2002,Apparel,17207.33,7232.11
202410,2002,Home,16633.97,5663.91
202410,2002,Furniture,21345.12,5256.01
202410,2003,Electronics,21782.36,3963.13
202410,2003,Apparel,14184.92,5478.64
202410,2003,Home,13995.76,4110.28
202410,2003,Furniture,18616.7,4602.09
202410,2004,Electronics,26722.74,5378.93
202410,2004,Apparel,19892.88,8272.24
202410,2004,Home,14552.76,4775.28
202410,2004,Furniture,21528.95,5466.69
202410,2005,Electronics,30722.83,5368.59
202410,2005,Apparel,18520.96,7585.98
202410,2005,Home,15360.75,4863.03
202410,2005,Furniture,25481.93,6413.39
202410,2006,Electronics,25073.65,4726.62
202410,2006,Apparel,17519.37,7013.65
202410,2006,Home,13602.45,4062.12
202410,2006,Furniture,20393.78,5423.37
202410,2007,Electronics,27138.43,5090.21
202410,2007,Apparel,16748.29,6832.1
202410,2007,Home,14593.15,4704.35
202410,2007,Furniture,18815.53,5039.02
202410,2008,Electronics,22305.0,4225.73
202410,2008,Apparel,14952.84,6351.85
202410,2008,Home,13996.34,4764.25
202410,2008,Furniture,18451.52,5088.64
202410,2009,Electronics,28361.86,5427.57
202410,2009,Apparel,17711.66,7403.39
202410,2009,Home,14582.35,4690.61
202410,2009,Furniture,21028.7,5239.4
202410,2010,Electronics,27656.34,4777.94
202410,2010,Apparel,16706.33,7393.42
202410,2010,Home,15709.8,4695.18
202410,2010,Furniture,22820.64,5462.61
202410,2011,Electronics,26933.77,4870.09
202410,2011,Apparel,18451.53,8421.18
202410,2011,Home,14250.26,4678.12
202410,2011,Furniture,20479.1,5250.51
202410,2012,Electronics,28846.05,5233.04
202410,2012,Apparel,22438.71,9620.44
202410,2012,Home,17714.81,5957.8
202410,2012,Furniture,22785.51,5547.37
202410,2013,Electronics,30011.88,5462.27
202410,2013,Apparel,19041.43,8051.17
202410,2013,Home,15703.48,5013.67
202410,2013,Furniture,21941.63,5564.38
202410,2014,Electronics,30071.86,5316.37
202410,2014,Apparel,18706.88,7944.49
202410,2014,Home,15120.11,4994.37
202410,2014,Furniture,23122.58,5662.67
202410,2015,Electronics,23933.4,4614.6
202410,2015,Apparel,16788.04,6780.68
202410,2015,Home,13804.37,4330.57
202410,2015,Furniture,19355.67,5243.5
202410,2016,Electronics,29292.23,4842.98
202410,2016,Apparel,20266.08,8523.83
202410,2016,Home,17609.96,5447.55
202410,2016,Furniture,25281.26,6118.24
202410,2017,Electronics,28656.36,4907.15
202410,2017,Apparel,19272.49,8838.62
202410,2017,Home,17758.03,5391.09
202410,2017,Furniture,24787.43,6256.62
202410,2018,Electronics,33234.49,6001.57
202410,2018,Apparel,21692.94,9284.0
202410,2018,Home,18690.36,6316.99
202410,2018,Furniture,25242.41,6375.59
202410,2019,Electronics,23508.9,4102.92
202410,2019,Apparel,16208.66,7124.47
202410,2019,Home,14261.19,4340.12
202410,2019,Furniture,21632.93,5651.35
202410,2020,Electronics,26210.34,4486.09
202410,2020,Apparel,18723.05,7776.81
202410,2020,Home,16198.83,5461.1
202410,2020,Furniture,22445.81,5860.22
202411,2001,Electronics,32692.53,6477.86
202411,2001,Apparel,23069.59,9342.04
202411,2001,Home,18081.75,5336.31
202411,2001,Furniture,27107.55,7231.87
202411,2002,Electronics,35437.11,6660.64
202411,2002,Apparel,21711.52,8977.02
202411,2002,Home,21346.17,6542.88
202411,2002,Furniture,27620.04,7806.52
202411,2003,Electronics,35253.94,5843.63
202411,2003,Apparel,19300.84,8062.82
202411,2003,Home,15995.2,5046.7
202411,2003,Furniture,23426.15,6017.7
202411,2004,Electronics,35176.56,5825.55
202411,2004,Apparel,21006.98,8860.39
202411,2004,Home,18867.54,6110.56
202411,2004,Furniture,27483.03,7186.83
202411,2005,Electronics,39930.98,6746.98
202411,2005,Apparel,27035.85,11512.89
202411,2005,Home,19044.56,5861.44
202411,2005,Furniture,28094.69,6739.85
202411,2006,Electronics,30602.39,4838.4
202411,2006,Apparel,20912.04,8411.73
202411,2006,Home,17334.69,5173.23
202411,2006,Furniture,20713.7,5094.99
202411,2007,Electronics,30634.94,5239.02
202411,2007,Apparel,19484.07,8822.41
202411,2007,Home,19038.01,5959.75
202411,2007,Furniture,26230.93,6526.37
202411,2008,Electronics,30958.94,5762.16
202411,2008,Apparel,17321.64,6782.08
202411,2008,Home,15762.77,5122.97
202411,2008,Furniture,24886.1,6523.34
202411,2009,Electronics,34225.72,5899.52
202411,2009,Apparel,17865.68,7149.38
202411,2009,Home,19239.14,5376.98
202411,2009,Furniture,26674.59,6703.09
202411,2010,Electronics,33515.32,5740.75
202411,2010,Apparel,21362.45,8525.01
202411,2010,Home,19618.92,6492.78
202411,2010,Furniture,24569.49,6231.4
202411,2011,Electronics,29646.57,5565.29
202411,2011,Apparel,20986.36,8434.71
202411,2011,Home,19601.19,5521.81
202411,2011,Furniture,26470.95,6475.18
202411,2012,Electronics,36716.31,6596.65
202411,2012,Apparel,26671.43,11444.17
202411,2012,Home,21246.23,6655.12
202411,2012,Furniture,25076.23,7341.75
202411,2013,Electronics,39270.04,6990.35
202411,2013,Apparel,24295.84,9594.41
202411,2013,Home,23044.39,7136.71
202411,2013,Furniture,32226.25,8321.58
202411,2014,Electronics,35123.62,5939.45
202411,2014,Apparel,22299.52,9240.75
202411,2014,Home,20992.18,7347.65
202411,2014,Furniture,28762.4,7779.08
202411,2015,Electronics,30733.64,5309.72
202411,2015,Apparel,19165.18,8411.56
202411,2015,Home,19685.73,6079.41
202411,2015,Furniture,22612.06,6031.66
202411,2016,Electronics,40706.47,8067.54
202411,2016,Apparel,23400.36,9956.69
202411,2016,Home,22632.57,7674.58
202411,2016,Furniture,30471.92,7284.74
202411,2017,Electronics,39229.5,7401.94
202411,2017,Apparel,24510.59,9930.58
202411,2017,Home,20447.29,6718.37
202411,2017,Furniture,29812.21,8137.77
202411,2018,Electronics,36954.79,6343.54
202411,2018,Apparel,22642.85,9618.54
202411,2018,Home,21069.7,6390.62
202411,2018,Furniture,28597.91,7582.73
202411,2019,Electronics,29769.71,5363.71
202411,2019,Apparel,18414.71,7685.0
202411,2019,Home,17030.68,5311.61
202411,2019,Furniture,25216.1,6259.79
202411,2020,Electronics,36598.73,6785.65
202411,2020,Apparel,25206.95,10334.91
202411,2020,Home,19970.59,6018.72
202411,2020,Furniture,27108.62,7101.72
202412,2001,Electronics,45685.25,8557.26
202412,2001,Apparel,25332.46,10618.16
202412,2001,Home,23126.94,7666.49
202412,2001,Furniture,37128.22,9419.71
202412,2002,Electronics,37466.27,6590.61
202412,2002,Apparel,27458.84,11372.95
202412,2002,Home,23736.48,7325.83
202412,2002,Furniture,31655.18,8626.08
202412,2003,Electronics,36787.04,6374.23
202412,2003,Apparel,24392.84,10371.6
202412,2003,Home,21342.12,6971.7
202412,2003,Furniture,29557.05,7900.43
202412,2004,Electronics,38417.43,6661.32
202412,2004,Apparel,25021.45,10341.35
202412,2004,Home,22121.31,7498.99
202412,2004,Furniture,34088.39,8963.4
202412,2005,Electronics,47555.35,9488.12
202412,2005,Apparel,25423.89,10869.46
202412,2005,Home,26781.41,8677.07
202412,2005,Furniture,36526.23,9994.44
202412,2006,Electronics,39742.1,7485.16
202412,2006,Apparel,21840.58,9479.38
202412,2006,Home,18989.19,6151.4
202412,2006,Furniture,27392.67,6983.99
202412,2007,Electronics,36079.64,6515.53
202412,2007,Apparel,23401.58,10011.49
202412,2007,Home,19583.91,6437.34
202412,2007,Furniture,28311.21,7476.81
202412,2008,Electronics,37238.96,6900.31
202412,2008,Apparel,21978.1,9320.24
202412,2008,Home,19358.69,6286.67
202412,2008,Furniture,29172.18,7528.19
202412,2009,Electronics,43210.98,7721.63
202412,2009,Apparel,28862.43,12928.79
202412,2009,Home,22205.65,6601.04
202412,2009,Furniture,29822.41,7558.99
202412,2010,Electronics,42818.04,7486.68
202412,2010,Apparel,27137.05,10830.62
202412,2010,Home,23706.37,7445.4
202412,2010,Furniture,32932.17,8034.24
202412,2011,Electronics,41078.96,6888.14
202412,2011,Apparel,25664.17,10522.4
202412,2011,Home,24078.49,7058.02
202412,2011,Furniture,31103.96,7947.76
202412,2012,Electronics,42979.44,7904.12
202412,2012,Apparel,27993.12,12219.52
202412,2012,Home,24395.49,7999.91
202412,2012,Furniture,34552.7,9734.68
202412,2013,Electronics,40352.58,6809.99
202412,2013,Apparel,28994.05,11735.91
202412,2013,Home,27324.87,8808.24
202412,2013,Furniture,34633.84,8481.24
202412,2014,Electronics,40167.04,6821.77
202412,2014,Apparel,24218.22,9398.36
202412,2014,Home,20831.5,6667.61
202412,2014,Furniture,31341.23,8694.74
202412,2015,Electronics,35031.56,5969.47
202412,2015,Apparel,25236.3,10347.51
202412,2015,Home,20152.74,5942.51
202412,2015,Furniture,31362.38,8418.16
202412,2016,Electronics,45336.97,8225.44
202412,2016,Apparel,28960.62,11645.1
202412,2016,Home,24628.41,7539.83
202412,2016,Furniture,34076.22,8931.89
202412,2017,Electronics,43987.12,7916.26
202412,2017,Apparel,28834.26,11623.44
202412,2017,Home,24563.03,7628.87
202412,2017,Furniture,33859.54,8396.6
202412,2018,Electronics,46090.26,8159.5
202412,2018,Apparel,26109.52,11096.25
202412,2018,Home,26028.58,8762.33
202412,2018,Furniture,35053.29,9214.71
202412,2019,Electronics,38053.43,7112.43
202412,2019,Apparel,24128.12,10626.45
202412,2019,Home,18955.94,5930.48
202412,2019,Furniture,25968.06,7161.46
202412,2020,Electronics,43931.41,7500.6
202412,2020,Apparel,26471.41,11563.33
202412,2020,Home,22167.93,7252.95
202412,2020,Furniture,35261.69,9629.99
